<?xml version="1.0" encoding="UTF-8"?>
<project-private xmlns="http://www.netbeans.org/ns/project-private/1">
    <editor-bookmarks xmlns="http://www.netbeans.org/ns/editor-bookmarks/2" lastBookmarkId="0"/>
    <open-files xmlns="http://www.netbeans.org/ns/projectui-open-files/2">
        <group>
            <file>file:/D:/SanchitSanjayPatil/Coding/Clg/sem5/Java_Make_Your_Own_House/src/hackathon_project/BHK13.java</file>
            <file>file:/D:/SanchitSanjayPatil/Coding/Clg/sem5/Java_Make_Your_Own_House/src/hackathon_project/Home_Page.java</file>
            <file>file:/D:/SanchitSanjayPatil/Coding/Clg/sem5/Java_Make_Your_Own_House/src/hackathon_project/BHK21.java</file>
            <file>file:/D:/SanchitSanjayPatil/Coding/Clg/sem5/Java_Make_Your_Own_House/nbproject/project.properties</file>
            <file>file:/D:/SanchitSanjayPatil/Coding/Clg/sem5/Java_Make_Your_Own_House/src/hackathon_project/Interior_Page.java</file>
            <file>file:/D:/SanchitSanjayPatil/Coding/Clg/sem5/Java_Make_Your_Own_House/src/hackathon_project/Hall1.java</file>
            <file>file:/D:/SanchitSanjayPatil/Coding/Clg/sem5/Java_Make_Your_Own_House/src/hackathon_project/Bedroom2.java</file>
            <file>file:/D:/SanchitSanjayPatil/Coding/Clg/sem5/Java_Make_Your_Own_House/src/hackathon_project/BHK_1.java</file>
            <file>file:/D:/SanchitSanjayPatil/Coding/Clg/sem5/Java_Make_Your_Own_House/src/hackathon_project/BHK12.java</file>
            <file>file:/D:/SanchitSanjayPatil/Coding/Clg/sem5/Java_Make_Your_Own_House/src/hackathon_project/BHK33.java</file>
            <file>file:/D:/SanchitSanjayPatil/Coding/Clg/sem5/Java_Make_Your_Own_House/src/hackathon_project/Material_Estimator.java</file>
            <file>file:/D:/SanchitSanjayPatil/Coding/Clg/sem5/Java_Make_Your_Own_House/src/hackathon_project/Login_Page.java</file>
            <file>file:/D:/SanchitSanjayPatil/Coding/Clg/sem5/Java_Make_Your_Own_House/src/hackathon_project/Hall.java</file>
            <file>file:/D:/SanchitSanjayPatil/Coding/Clg/sem5/Java_Make_Your_Own_House/src/hackathon_project/BHK32.java</file>
            <file>file:/D:/SanchitSanjayPatil/Coding/Clg/sem5/Java_Make_Your_Own_House/src/hackathon_project/Hall2.java</file>
        </group>
    </open-files>
</project-private>
