transaction_id,upi_id,sender_upi_id,transaction_amount,transaction_type,upi_account_age_days,transaction_frequency,previous_reports,location,is_vpn_used,is_remote_access,qr_code_used,fraud_label
1,fraudster292@gpay,merchant336@gpay,4340,Send,495,193,5,Mumbai,No,Yes,No,1
2,merchant217@upi,safeuser534@paytm,4561,Receive,221,36,0,Chennai,No,No,Yes,0
3,fakeqr972@phonepe,safeuser861@upi,33757,Request,632,152,0,Chennai,No,No,No,1
4,merchant306@paytm,user537@gpay,1098,Receive,762,36,0,Chennai,No,No,No,0
5,merchant739@phonepe,safeuser607@paytm,8873,Send,438,37,0,Kolkata,Yes,No,No,0
6,user783@gpay,safeuser498@paytm,7525,Request,370,15,0,Chennai,No,No,Yes,0
7,fraudster352@phonepe,merchant798@phonepe,24887,Request,160,47,3,Bangalore,No,No,No,1
8,fraudster119@upi,user619@paytm,12992,Request,729,3,5,Chennai,Yes,No,No,1
9,merchant313@gpay,merchant940@gpay,4335,Send,938,50,0,Chennai,Yes,No,No,0
10,merchant768@gpay,user399@gpay,4744,Receive,443,46,0,Delhi,No,No,Yes,0
11,scammer423@upi,safeuser105@upi,43288,Send,191,117,2,Kolkata,Yes,Yes,Yes,1
12,user467@gpay,merchant797@phonepe,8137,Receive,102,14,0,Chennai,Yes,No,No,0
13,user216@phonepe,safeuser372@paytm,1763,Send,172,28,0,Chennai,No,No,Yes,0
14,fakeqr216@paytm,safeuser659@gpay,32768,Receive,865,167,3,Delhi,Yes,No,No,1
15,merchant990@paytm,merchant225@gpay,4561,Request,916,28,0,Bangalore,No,No,No,0
16,merchant353@paytm,safeuser474@gpay,7011,Receive,550,38,0,Mumbai,Yes,No,No,0
17,safeuser504@paytm,merchant553@paytm,4841,Receive,68,42,0,Chennai,No,No,No,0
18,merchant630@paytm,safeuser363@upi,4465,Request,521,2,0,Bangalore,Yes,No,Yes,0
19,safeuser350@phonepe,merchant721@phonepe,5343,Send,960,25,0,Bangalore,No,No,Yes,0
20,user656@phonepe,user289@upi,508,Send,137,28,0,Bangalore,Yes,No,Yes,0
21,user583@upi,merchant292@upi,4164,Receive,811,2,0,Delhi,Yes,No,Yes,0
22,merchant252@gpay,safeuser276@paytm,9402,Request,380,24,0,Pune,Yes,No,No,0
23,safeuser127@phonepe,user169@upi,5338,Send,826,7,0,Bangalore,No,No,No,0
24,merchant557@upi,safeuser960@phonepe,3216,Send,917,46,0,Mumbai,No,No,Yes,0
25,merchant813@gpay,user341@phonepe,3628,Request,130,19,0,Bangalore,No,No,Yes,0
26,safeuser802@gpay,safeuser124@phonepe,1096,Send,56,10,0,Mumbai,No,No,No,0
27,user107@phonepe,user972@phonepe,6120,Request,59,42,0,Mumbai,Yes,No,No,0
28,user623@gpay,merchant839@phonepe,6641,Send,832,11,0,Pune,No,No,Yes,0
29,safeuser628@upi,safeuser130@paytm,5731,Send,632,48,0,Mumbai,Yes,No,No,0
30,safeuser630@upi,safeuser543@paytm,9353,Send,155,49,0,Kolkata,Yes,No,Yes,0
31,scammer283@gpay,merchant431@phonepe,19128,Request,681,154,5,Pune,Yes,Yes,Yes,1
32,safeuser612@paytm,safeuser680@phonepe,8282,Request,120,17,0,Kolkata,Yes,No,Yes,0
33,fakeqr853@gpay,user666@gpay,18265,Request,90,21,4,Chennai,Yes,No,No,1
34,merchant804@upi,merchant489@paytm,7661,Receive,863,15,0,Kolkata,Yes,No,Yes,0
35,merchant848@gpay,merchant385@upi,9096,Send,819,30,0,Bangalore,Yes,No,No,0
36,user670@phonepe,user953@phonepe,89,Send,505,30,0,Mumbai,Yes,No,No,0
37,merchant446@upi,user581@paytm,7503,Send,857,15,0,Kolkata,No,No,Yes,0
38,merchant407@upi,merchant541@gpay,4823,Receive,655,6,0,Kolkata,No,No,Yes,0
39,merchant560@phonepe,safeuser590@phonepe,1847,Receive,103,48,0,Delhi,Yes,No,Yes,0
40,safeuser700@upi,user261@paytm,7831,Send,346,42,0,Bangalore,No,No,Yes,0
41,user549@phonepe,safeuser417@phonepe,8277,Request,512,19,0,Chennai,Yes,No,No,0
42,safeuser497@paytm,user396@paytm,868,Request,592,24,0,Kolkata,No,No,No,0
43,safeuser528@phonepe,user978@gpay,9403,Send,617,44,0,Bangalore,Yes,No,No,0
44,safeuser138@gpay,merchant910@upi,230,Receive,356,18,0,Mumbai,No,No,Yes,0
45,fakeqr919@upi,safeuser545@gpay,48861,Send,346,23,1,Mumbai,No,Yes,No,1
46,user395@gpay,merchant209@paytm,582,Request,560,42,0,Delhi,Yes,No,Yes,0
47,merchant783@upi,merchant907@gpay,9209,Request,439,42,0,Bangalore,No,No,Yes,0
48,merchant605@gpay,user945@paytm,8332,Receive,893,28,0,Pune,No,No,No,0
49,user690@paytm,user246@gpay,6311,Request,975,4,0,Chennai,Yes,No,No,0
50,merchant294@paytm,merchant179@paytm,1087,Receive,903,46,0,Bangalore,No,No,No,0
51,safeuser212@phonepe,safeuser411@phonepe,8980,Send,802,39,0,Chennai,No,No,No,0
52,user484@gpay,safeuser279@phonepe,7492,Request,654,15,0,Mumbai,Yes,No,No,0
53,merchant320@paytm,safeuser643@upi,7841,Send,23,43,0,Chennai,Yes,No,Yes,0
54,safeuser856@phonepe,merchant723@upi,3872,Send,972,15,0,Chennai,Yes,No,No,0
55,safeuser736@phonepe,user311@paytm,6851,Send,446,31,0,Kolkata,No,No,No,0
56,user257@upi,merchant965@paytm,5334,Send,192,33,0,Chennai,Yes,No,Yes,0
57,fakeqr756@paytm,user407@phonepe,47427,Receive,250,113,1,Pune,Yes,Yes,No,1
58,user648@paytm,user579@upi,6718,Receive,779,2,0,Mumbai,No,No,Yes,0
59,safeuser887@phonepe,safeuser587@gpay,9009,Send,744,36,0,Delhi,Yes,No,Yes,0
60,user719@upi,merchant451@phonepe,2468,Send,574,15,0,Pune,Yes,No,No,0
61,merchant326@upi,user712@phonepe,7256,Receive,358,4,0,Bangalore,Yes,No,Yes,0
62,merchant171@upi,safeuser954@paytm,2434,Send,264,29,0,Mumbai,Yes,No,No,0
63,merchant250@upi,safeuser317@paytm,1213,Send,113,30,0,Pune,No,No,No,0
64,safeuser957@phonepe,merchant190@gpay,2073,Send,811,12,0,Kolkata,No,No,Yes,0
65,safeuser515@paytm,safeuser321@paytm,3151,Receive,4,7,0,Bangalore,No,No,No,0
66,merchant177@phonepe,safeuser448@gpay,6380,Request,936,42,0,Kolkata,No,No,No,0
67,merchant448@upi,user686@phonepe,8089,Request,566,21,0,Kolkata,No,No,No,0
68,user651@upi,safeuser495@paytm,9323,Receive,327,25,0,Delhi,Yes,No,No,0
69,user928@upi,safeuser333@gpay,9787,Send,802,49,0,Mumbai,No,No,No,0
70,safeuser146@upi,safeuser884@phonepe,7543,Receive,509,1,0,Pune,Yes,No,Yes,0
71,merchant425@phonepe,safeuser428@upi,9893,Request,801,32,0,Bangalore,Yes,No,Yes,0
72,merchant179@upi,merchant663@phonepe,994,Receive,887,20,0,Chennai,Yes,No,No,0
73,user156@upi,user738@paytm,1605,Request,653,47,0,Mumbai,Yes,No,Yes,0
74,safeuser703@gpay,merchant486@paytm,8141,Send,91,34,0,Chennai,No,No,Yes,0
75,fraudster269@upi,merchant363@paytm,15091,Send,325,118,0,Mumbai,No,No,Yes,1
76,user288@paytm,merchant668@upi,7221,Request,36,43,0,Pune,Yes,No,Yes,0
77,merchant537@upi,merchant623@paytm,2196,Send,650,34,0,Pune,No,No,No,0
78,merchant712@gpay,merchant799@upi,1106,Send,826,34,0,Mumbai,No,No,Yes,0
79,safeuser928@phonepe,safeuser444@paytm,6730,Receive,19,3,0,Bangalore,No,No,No,0
80,user125@paytm,safeuser473@gpay,9315,Send,534,29,0,Bangalore,No,No,No,0
81,safeuser413@gpay,merchant248@phonepe,9177,Send,553,39,0,Delhi,Yes,No,No,0
82,merchant248@paytm,safeuser343@paytm,9500,Send,38,32,0,Pune,Yes,No,No,0
83,merchant991@phonepe,safeuser615@gpay,3326,Receive,575,19,0,Delhi,No,No,Yes,0
84,user461@phonepe,safeuser610@upi,1257,Request,614,24,0,Chennai,Yes,No,No,0
85,scammer596@gpay,merchant434@phonepe,37406,Send,20,74,1,Kolkata,No,Yes,No,1
86,safeuser428@upi,merchant636@upi,7360,Send,59,48,0,Pune,No,No,Yes,0
87,user313@upi,merchant746@phonepe,9380,Receive,243,19,0,Kolkata,Yes,No,Yes,0
88,safeuser365@paytm,safeuser779@paytm,7355,Send,272,40,0,Kolkata,No,No,No,0
89,safeuser254@paytm,safeuser817@gpay,5234,Send,537,35,0,Chennai,No,No,Yes,0
90,safeuser906@phonepe,merchant279@paytm,8336,Send,256,3,0,Bangalore,Yes,No,No,0
91,merchant895@gpay,merchant364@paytm,4511,Send,93,41,0,Delhi,No,No,No,0
92,safeuser856@upi,safeuser718@gpay,6459,Request,990,12,0,Kolkata,No,No,No,0
93,scammer936@phonepe,user392@phonepe,9119,Request,755,69,3,Chennai,No,No,No,1
94,user193@paytm,safeuser552@upi,4432,Receive,965,27,0,Delhi,No,No,No,0
95,merchant691@phonepe,safeuser919@gpay,5624,Request,812,37,0,Delhi,No,No,No,0
96,user307@paytm,safeuser781@gpay,2446,Send,218,31,0,Bangalore,Yes,No,No,0
97,user509@gpay,merchant179@phonepe,4052,Request,64,29,0,Pune,No,No,Yes,0
98,user219@paytm,safeuser748@phonepe,4370,Receive,60,32,0,Mumbai,No,No,Yes,0
99,safeuser373@phonepe,safeuser642@gpay,8809,Receive,280,20,0,Delhi,Yes,No,Yes,0
100,user466@paytm,user486@phonepe,5682,Send,764,24,0,Delhi,No,No,Yes,0
101,merchant962@paytm,merchant409@gpay,1807,Request,393,36,0,Delhi,Yes,No,No,0
102,merchant686@phonepe,merchant728@phonepe,3770,Send,762,41,0,Delhi,No,No,Yes,0
103,safeuser914@gpay,merchant492@phonepe,5837,Receive,739,18,0,Chennai,No,No,Yes,0
104,user821@gpay,safeuser920@phonepe,2336,Send,858,31,0,Mumbai,Yes,No,No,0
105,safeuser935@paytm,user427@phonepe,6730,Request,647,39,0,Kolkata,No,No,No,0
106,fraudster806@gpay,safeuser290@paytm,31976,Send,506,121,2,Pune,Yes,No,No,1
107,merchant218@upi,user576@upi,980,Request,592,27,0,Kolkata,Yes,No,No,0
108,user264@phonepe,safeuser906@gpay,6105,Send,436,20,0,Delhi,No,No,Yes,0
109,safeuser168@paytm,user292@gpay,9264,Request,839,16,0,Delhi,Yes,No,No,0
110,merchant423@gpay,merchant460@paytm,4170,Send,514,8,0,Pune,No,No,No,0
111,fakeqr363@paytm,safeuser850@gpay,7143,Request,846,29,5,Chennai,Yes,No,Yes,1
112,merchant377@paytm,safeuser288@phonepe,5669,Request,488,41,0,Mumbai,Yes,No,No,0
113,scammer931@upi,merchant750@paytm,19717,Request,556,103,1,Delhi,No,No,Yes,1
114,fraudster656@paytm,merchant629@gpay,4281,Request,548,32,2,Mumbai,No,Yes,Yes,1
115,scammer894@gpay,user252@phonepe,28194,Receive,958,101,0,Kolkata,No,No,Yes,1
116,safeuser690@upi,safeuser759@phonepe,6668,Receive,323,37,0,Delhi,Yes,No,Yes,0
117,merchant859@upi,merchant327@phonepe,9786,Send,284,1,0,Mumbai,No,No,No,0
118,user461@paytm,user221@paytm,6293,Request,491,31,0,Bangalore,Yes,No,No,0
119,user318@upi,merchant977@paytm,523,Send,678,48,0,Delhi,No,No,Yes,0
120,safeuser182@gpay,safeuser269@upi,4892,Send,43,20,0,Chennai,No,No,No,0
121,merchant458@gpay,safeuser758@phonepe,1481,Request,408,13,0,Delhi,No,No,No,0
122,merchant684@gpay,user907@paytm,2718,Receive,207,37,0,Delhi,No,No,No,0
123,safeuser670@upi,merchant802@phonepe,3902,Send,447,36,0,Bangalore,No,No,Yes,0
124,user331@upi,safeuser952@paytm,8369,Send,638,20,0,Mumbai,No,No,No,0
125,merchant863@gpay,user944@gpay,7032,Send,420,31,0,Chennai,Yes,No,No,0
126,merchant336@upi,safeuser474@upi,5729,Receive,70,15,0,Delhi,Yes,No,No,0
127,fakeqr745@gpay,merchant806@gpay,25223,Request,165,104,1,Chennai,No,No,Yes,1
128,user688@paytm,merchant962@gpay,2692,Request,324,7,0,Bangalore,Yes,No,No,0
129,merchant282@upi,merchant465@gpay,5612,Send,229,38,0,Pune,No,No,No,0
130,safeuser471@gpay,safeuser495@upi,520,Request,218,36,0,Pune,Yes,No,Yes,0
131,scammer867@phonepe,safeuser391@paytm,34609,Send,94,77,2,Delhi,Yes,No,Yes,1
132,fraudster608@gpay,user201@gpay,41644,Send,688,140,3,Bangalore,No,Yes,No,1
133,safeuser835@paytm,user893@phonepe,2984,Request,895,1,0,Delhi,Yes,No,No,0
134,safeuser813@paytm,merchant273@gpay,8591,Request,197,15,0,Kolkata,No,No,No,0
135,fraudster106@phonepe,user552@gpay,45605,Send,144,134,4,Chennai,Yes,No,No,1
136,user785@phonepe,merchant826@phonepe,5931,Request,708,11,0,Kolkata,Yes,No,Yes,0
137,merchant608@gpay,user640@phonepe,3006,Send,539,3,0,Mumbai,No,No,Yes,0
138,safeuser994@phonepe,safeuser737@paytm,7677,Request,936,31,0,Kolkata,No,No,Yes,0
139,safeuser530@paytm,merchant540@phonepe,8354,Send,856,42,0,Bangalore,Yes,No,No,0
140,safeuser320@phonepe,safeuser689@phonepe,3144,Send,96,14,0,Bangalore,Yes,No,Yes,0
141,merchant402@upi,safeuser726@paytm,3986,Request,719,33,0,Bangalore,Yes,No,Yes,0
142,user897@upi,merchant471@upi,9936,Request,716,45,0,Pune,Yes,No,No,0
143,merchant392@paytm,safeuser310@upi,1802,Send,669,13,0,Chennai,Yes,No,No,0
144,safeuser534@paytm,safeuser514@upi,8780,Receive,112,42,0,Delhi,Yes,No,No,0
145,safeuser996@paytm,merchant913@upi,8307,Receive,849,36,0,Kolkata,Yes,No,Yes,0
146,user477@gpay,safeuser444@gpay,2330,Receive,867,14,0,Mumbai,Yes,No,No,0
147,user748@phonepe,merchant241@upi,2590,Receive,126,4,0,Pune,No,No,Yes,0
148,safeuser969@upi,safeuser685@paytm,9039,Request,430,23,0,Kolkata,No,No,No,0
149,safeuser769@gpay,merchant709@upi,1861,Request,605,37,0,Kolkata,No,No,Yes,0
150,user819@upi,user107@upi,9887,Receive,43,43,0,Bangalore,Yes,No,No,0
151,fakeqr724@paytm,safeuser725@gpay,37432,Receive,617,38,5,Pune,No,Yes,No,1
152,fakeqr797@phonepe,user231@paytm,21747,Request,902,68,0,Delhi,No,Yes,Yes,1
153,merchant366@phonepe,safeuser691@gpay,4035,Receive,55,43,0,Pune,Yes,No,No,0
154,user680@upi,safeuser283@upi,6106,Request,359,10,0,Chennai,Yes,No,Yes,0
155,safeuser221@upi,safeuser446@phonepe,1119,Receive,19,49,0,Mumbai,No,No,No,0
156,merchant318@paytm,user485@gpay,3102,Send,146,36,0,Bangalore,Yes,No,No,0
157,scammer951@phonepe,merchant137@gpay,32373,Receive,170,117,5,Mumbai,No,No,Yes,1
158,user907@phonepe,user665@phonepe,6135,Send,39,9,0,Pune,Yes,No,Yes,0
159,user732@upi,merchant746@paytm,3030,Request,386,2,0,Kolkata,Yes,No,No,0
160,user308@upi,user618@upi,7330,Request,284,6,0,Pune,Yes,No,No,0
161,user713@upi,user640@gpay,5280,Receive,409,37,0,Bangalore,Yes,No,No,0
162,user535@upi,user466@phonepe,314,Request,319,37,0,Delhi,Yes,No,No,0
163,merchant507@gpay,merchant833@paytm,9305,Send,365,33,0,Kolkata,No,No,No,0
164,merchant376@paytm,user364@paytm,9938,Receive,668,32,0,Delhi,No,No,Yes,0
165,user832@upi,safeuser632@upi,901,Send,177,19,0,Pune,No,No,Yes,0
166,scammer375@paytm,safeuser114@paytm,42400,Request,247,153,4,Delhi,No,Yes,Yes,1
167,user404@phonepe,merchant640@upi,6741,Receive,891,5,0,Bangalore,Yes,No,Yes,0
168,user787@paytm,merchant437@gpay,4978,Receive,917,9,0,Kolkata,No,No,No,0
169,safeuser609@upi,user135@phonepe,6197,Request,983,45,0,Mumbai,No,No,Yes,0
170,merchant551@gpay,merchant223@phonepe,6110,Receive,752,2,0,Bangalore,No,No,No,0
171,user205@gpay,safeuser558@gpay,9909,Request,988,49,0,Kolkata,No,No,Yes,0
172,safeuser864@paytm,safeuser532@gpay,5752,Send,88,45,0,Mumbai,Yes,No,Yes,0
173,safeuser198@paytm,merchant581@phonepe,7460,Send,585,48,0,Bangalore,No,No,No,0
174,safeuser121@upi,safeuser637@upi,3989,Send,367,28,0,Delhi,Yes,No,Yes,0
175,merchant276@upi,safeuser197@upi,2005,Send,274,34,0,Kolkata,No,No,No,0
176,merchant190@phonepe,safeuser408@phonepe,7490,Request,556,42,0,Mumbai,No,No,No,0
177,user844@gpay,safeuser888@upi,7325,Send,995,50,0,Delhi,Yes,No,No,0
178,fakeqr921@paytm,merchant203@phonepe,24243,Request,944,154,4,Mumbai,No,No,No,1
179,safeuser841@gpay,safeuser705@paytm,9068,Receive,107,3,0,Mumbai,Yes,No,No,0
180,fakeqr414@phonepe,user502@upi,12018,Send,90,141,5,Kolkata,Yes,No,Yes,1
181,fraudster578@upi,user776@upi,43432,Receive,152,31,1,Kolkata,Yes,No,Yes,1
182,safeuser474@upi,merchant899@phonepe,9690,Send,793,27,0,Mumbai,No,No,No,0
183,safeuser257@upi,user753@upi,9353,Request,579,29,0,Bangalore,Yes,No,No,0
184,user133@paytm,safeuser252@paytm,7537,Send,659,6,0,Chennai,No,No,No,0
185,safeuser103@phonepe,user865@paytm,8782,Send,242,18,0,Delhi,No,No,Yes,0
186,merchant264@paytm,safeuser986@phonepe,6383,Receive,301,32,0,Pune,No,No,Yes,0
187,user325@paytm,user968@gpay,7992,Send,272,39,0,Kolkata,Yes,No,No,0
188,merchant343@gpay,merchant924@gpay,4985,Request,156,20,0,Pune,Yes,No,No,0
189,user648@upi,safeuser905@paytm,3600,Receive,803,4,0,Pune,Yes,No,Yes,0
190,user421@phonepe,safeuser560@gpay,3461,Request,88,20,0,Kolkata,No,No,No,0
191,safeuser250@paytm,safeuser300@upi,119,Receive,356,45,0,Kolkata,Yes,No,Yes,0
192,safeuser713@paytm,user546@upi,4937,Receive,902,40,0,Kolkata,No,No,Yes,0
193,fraudster786@paytm,user157@gpay,37684,Receive,67,38,3,Pune,No,Yes,Yes,1
194,safeuser784@gpay,safeuser166@gpay,2172,Receive,77,46,0,Chennai,No,No,Yes,0
195,fraudster274@phonepe,safeuser477@paytm,1061,Request,53,11,4,Mumbai,No,No,No,1
196,safeuser450@paytm,user975@phonepe,7913,Receive,338,16,0,Chennai,No,No,No,0
197,user842@gpay,user437@gpay,401,Request,208,25,0,Chennai,Yes,No,No,0
198,merchant489@upi,merchant945@upi,9855,Receive,195,49,0,Chennai,No,No,Yes,0
199,fakeqr348@upi,merchant559@gpay,6069,Request,517,118,3,Pune,Yes,No,No,1
200,merchant743@gpay,user293@paytm,587,Send,240,35,0,Kolkata,No,No,No,0
201,merchant136@gpay,user711@gpay,4479,Send,348,14,0,Kolkata,Yes,No,Yes,0
202,fakeqr560@upi,safeuser789@gpay,25965,Send,698,67,5,Bangalore,No,Yes,No,1
203,fakeqr804@paytm,user707@paytm,41078,Send,810,20,0,Delhi,No,Yes,Yes,1
204,safeuser568@phonepe,user619@phonepe,7784,Receive,427,12,0,Delhi,No,No,No,0
205,safeuser581@gpay,merchant865@gpay,3939,Send,277,20,0,Chennai,No,No,No,0
206,user862@gpay,merchant831@gpay,5822,Request,782,38,0,Pune,Yes,No,Yes,0
207,fraudster924@phonepe,user524@phonepe,6361,Request,931,8,2,Bangalore,No,Yes,No,1
208,safeuser909@gpay,user347@upi,5880,Send,201,21,0,Delhi,Yes,No,No,0
209,safeuser447@phonepe,merchant211@phonepe,7727,Request,501,31,0,Kolkata,No,No,Yes,0
210,safeuser829@phonepe,user102@paytm,8473,Send,818,38,0,Kolkata,No,No,No,0
211,scammer600@paytm,safeuser358@paytm,37124,Send,790,139,0,Bangalore,No,No,No,1
212,user553@upi,user209@paytm,8076,Send,121,41,0,Mumbai,Yes,No,No,0
213,fakeqr870@gpay,user644@gpay,34869,Request,603,95,5,Delhi,Yes,No,No,1
214,safeuser584@upi,merchant352@gpay,3743,Request,923,27,0,Pune,Yes,No,Yes,0
215,merchant544@gpay,safeuser497@paytm,6956,Send,369,44,0,Chennai,No,No,No,0
216,user219@paytm,merchant378@gpay,8612,Request,800,7,0,Mumbai,Yes,No,Yes,0
217,safeuser770@phonepe,safeuser373@upi,3378,Receive,534,16,0,Bangalore,Yes,No,Yes,0
218,safeuser906@gpay,safeuser512@phonepe,3708,Send,497,25,0,Delhi,No,No,No,0
219,fraudster306@gpay,user681@phonepe,23683,Send,515,160,5,Mumbai,Yes,No,Yes,1
220,user126@upi,user308@phonepe,9469,Send,465,37,0,Pune,Yes,No,No,0
221,safeuser974@paytm,safeuser139@gpay,756,Send,977,28,0,Kolkata,No,No,No,0
222,user140@gpay,merchant618@upi,7328,Send,688,26,0,Pune,Yes,No,Yes,0
223,user277@gpay,safeuser668@phonepe,1082,Request,866,39,0,Bangalore,No,No,No,0
224,user311@phonepe,merchant643@phonepe,6150,Receive,87,34,0,Pune,Yes,No,Yes,0
225,scammer171@gpay,safeuser373@upi,24032,Receive,912,180,2,Bangalore,Yes,Yes,Yes,1
226,fakeqr597@upi,safeuser410@phonepe,42180,Request,639,46,4,Pune,No,No,No,1
227,user483@upi,merchant432@paytm,1480,Request,543,42,0,Pune,No,No,No,0
228,user562@phonepe,safeuser427@phonepe,8496,Request,713,14,0,Delhi,No,No,No,0
229,user660@upi,merchant799@upi,7546,Request,725,5,0,Pune,No,No,Yes,0
230,safeuser272@gpay,safeuser228@gpay,140,Receive,340,5,0,Mumbai,Yes,No,Yes,0
231,safeuser146@phonepe,safeuser475@gpay,2826,Receive,442,32,0,Mumbai,No,No,Yes,0
232,merchant559@phonepe,safeuser194@gpay,6294,Request,590,19,0,Kolkata,No,No,Yes,0
233,merchant858@phonepe,user416@upi,3764,Request,985,4,0,Chennai,No,No,No,0
234,user939@paytm,user143@paytm,9831,Receive,901,8,0,Mumbai,No,No,No,0
235,merchant726@gpay,user260@paytm,4170,Request,791,43,0,Delhi,Yes,No,No,0
236,user317@phonepe,merchant124@upi,6845,Request,560,33,0,Chennai,No,No,No,0
237,scammer880@gpay,merchant634@paytm,31319,Request,448,144,4,Chennai,No,Yes,No,1
238,safeuser957@phonepe,merchant312@phonepe,2199,Send,680,46,0,Chennai,Yes,No,No,0
239,merchant886@gpay,user843@upi,4243,Request,749,14,0,Pune,No,No,Yes,0
240,safeuser637@phonepe,safeuser407@phonepe,4883,Receive,643,30,0,Mumbai,No,No,No,0
241,user312@paytm,user156@gpay,116,Request,169,18,0,Delhi,Yes,No,Yes,0
242,user782@paytm,merchant681@paytm,2365,Send,266,23,0,Delhi,No,No,Yes,0
243,safeuser131@paytm,safeuser394@paytm,9764,Send,35,24,0,Kolkata,Yes,No,No,0
244,user215@gpay,safeuser134@paytm,4323,Request,13,4,0,Kolkata,No,No,Yes,0
245,safeuser104@upi,safeuser427@gpay,3754,Request,646,35,0,Kolkata,Yes,No,No,0
246,fraudster384@gpay,safeuser877@phonepe,14431,Send,131,135,1,Bangalore,No,No,Yes,1
247,user650@phonepe,merchant528@upi,2117,Request,371,28,0,Pune,No,No,Yes,0
248,safeuser445@upi,user351@gpay,2811,Send,528,50,0,Chennai,Yes,No,Yes,0
249,merchant181@upi,safeuser813@paytm,2456,Request,379,47,0,Chennai,Yes,No,No,0
250,user277@paytm,user802@upi,4939,Receive,105,31,0,Pune,No,No,No,0
251,user101@gpay,user212@gpay,3190,Request,603,31,0,Delhi,No,No,Yes,0
252,user657@paytm,user163@gpay,9098,Receive,36,1,0,Kolkata,No,No,No,0
253,merchant883@phonepe,safeuser724@phonepe,5335,Request,677,10,0,Bangalore,Yes,No,Yes,0
254,fraudster577@gpay,safeuser240@phonepe,26316,Send,430,59,0,Bangalore,No,No,Yes,1
255,user255@gpay,user623@upi,3841,Receive,89,24,0,Kolkata,Yes,No,Yes,0
256,user247@gpay,merchant854@paytm,2951,Receive,668,23,0,Kolkata,No,No,Yes,0
257,merchant728@upi,merchant844@gpay,4930,Request,754,17,0,Delhi,Yes,No,No,0
258,safeuser814@gpay,safeuser808@phonepe,3506,Receive,320,13,0,Delhi,No,No,No,0
259,merchant762@gpay,safeuser776@phonepe,8232,Send,58,41,0,Delhi,Yes,No,Yes,0
260,merchant959@upi,safeuser631@upi,8073,Request,148,18,0,Pune,No,No,Yes,0
261,safeuser340@gpay,user870@gpay,7350,Send,644,45,0,Mumbai,Yes,No,No,0
262,user559@upi,merchant299@paytm,6735,Send,34,50,0,Mumbai,No,No,No,0
263,safeuser675@phonepe,merchant170@upi,7024,Receive,845,29,0,Pune,Yes,No,Yes,0
264,fakeqr495@upi,safeuser272@gpay,27176,Send,154,2,1,Pune,No,No,Yes,1
265,merchant660@phonepe,merchant230@upi,1373,Request,912,9,0,Bangalore,Yes,No,Yes,0
266,scammer277@paytm,merchant385@upi,8238,Send,613,190,0,Chennai,No,No,Yes,1
267,safeuser556@upi,safeuser681@upi,5310,Send,38,9,0,Pune,No,No,Yes,0
268,user451@upi,merchant968@upi,2337,Request,291,27,0,Pune,No,No,No,0
269,scammer719@phonepe,user802@gpay,25638,Send,561,126,0,Delhi,No,No,No,1
270,fakeqr166@phonepe,safeuser843@phonepe,40729,Receive,84,124,4,Delhi,No,Yes,No,1
271,merchant981@gpay,user810@gpay,3540,Request,384,31,0,Delhi,Yes,No,No,0
272,fakeqr911@gpay,merchant144@upi,49251,Send,4,48,3,Delhi,No,Yes,Yes,1
273,merchant913@paytm,user477@paytm,5233,Receive,528,22,0,Bangalore,Yes,No,Yes,0
274,fakeqr890@paytm,merchant952@upi,775,Send,935,188,3,Kolkata,No,No,No,1
275,merchant600@phonepe,safeuser570@upi,7801,Request,543,1,0,Chennai,No,No,Yes,0
276,safeuser642@paytm,user587@paytm,1915,Send,754,4,0,Kolkata,Yes,No,Yes,0
277,fraudster345@paytm,user620@phonepe,16873,Receive,970,65,3,Pune,Yes,No,No,1
278,fakeqr141@upi,user277@paytm,22527,Send,937,53,4,Kolkata,Yes,No,Yes,1
279,merchant166@gpay,user397@gpay,8029,Request,686,46,0,Kolkata,No,No,Yes,0
280,fakeqr113@gpay,merchant929@paytm,308,Send,943,188,1,Pune,No,No,No,1
281,user172@gpay,merchant175@paytm,9124,Receive,385,49,0,Mumbai,No,No,Yes,0
282,safeuser359@upi,merchant283@gpay,4149,Receive,293,30,0,Delhi,Yes,No,No,0
283,merchant526@upi,safeuser124@phonepe,1042,Request,473,50,0,Pune,Yes,No,No,0
284,user527@upi,user237@phonepe,6258,Request,796,35,0,Chennai,No,No,No,0
285,merchant725@upi,merchant844@phonepe,275,Request,184,15,0,Bangalore,Yes,No,Yes,0
286,safeuser541@paytm,user250@upi,7318,Send,129,36,0,Pune,No,No,Yes,0
287,user797@gpay,merchant750@upi,2010,Receive,233,34,0,Mumbai,Yes,No,No,0
288,user864@gpay,safeuser430@upi,3499,Receive,379,33,0,Pune,No,No,Yes,0
289,scammer679@upi,user567@phonepe,3947,Send,210,147,1,Mumbai,Yes,No,No,1
290,user232@upi,merchant648@gpay,8056,Receive,242,3,0,Mumbai,Yes,No,No,0
291,safeuser633@phonepe,safeuser396@gpay,2793,Request,393,45,0,Kolkata,Yes,No,No,0
292,safeuser779@phonepe,safeuser949@paytm,8971,Send,373,22,0,Delhi,No,No,No,0
293,scammer469@paytm,safeuser384@gpay,40180,Request,715,168,2,Mumbai,No,No,No,1
294,user104@phonepe,user486@paytm,5881,Request,138,7,0,Bangalore,No,No,Yes,0
295,safeuser603@upi,safeuser601@paytm,5843,Receive,159,50,0,Kolkata,Yes,No,Yes,0
296,merchant701@phonepe,user825@upi,2183,Request,554,4,0,Pune,No,No,No,0
297,user449@upi,safeuser708@gpay,6627,Request,50,37,0,Bangalore,No,No,No,0
298,user199@paytm,user264@upi,1073,Receive,655,9,0,Delhi,No,No,No,0
299,user106@gpay,user837@paytm,544,Send,86,45,0,Bangalore,Yes,No,Yes,0
300,user717@phonepe,merchant248@gpay,6036,Receive,829,14,0,Pune,Yes,No,Yes,0
301,merchant295@phonepe,safeuser393@paytm,9236,Request,735,46,0,Chennai,No,No,No,0
302,merchant606@paytm,merchant236@phonepe,4640,Send,226,28,0,Chennai,No,No,No,0
303,scammer335@paytm,safeuser940@paytm,10469,Send,852,75,4,Kolkata,Yes,Yes,Yes,1
304,safeuser276@gpay,user400@upi,675,Receive,529,16,0,Delhi,Yes,No,No,0
305,safeuser257@phonepe,user604@gpay,2499,Send,785,21,0,Chennai,No,No,No,0
306,safeuser935@paytm,safeuser177@paytm,670,Receive,518,42,0,Kolkata,Yes,No,No,0
307,merchant304@upi,safeuser813@gpay,3859,Send,316,20,0,Delhi,Yes,No,No,0
308,merchant671@phonepe,user915@paytm,470,Receive,239,25,0,Bangalore,Yes,No,No,0
309,merchant740@phonepe,user155@paytm,4321,Send,885,34,0,Chennai,No,No,No,0
310,user116@gpay,safeuser546@paytm,3517,Receive,552,23,0,Pune,Yes,No,No,0
311,user999@upi,safeuser520@upi,1967,Send,351,38,0,Kolkata,Yes,No,No,0
312,merchant717@phonepe,user639@paytm,5857,Request,165,13,0,Kolkata,No,No,No,0
313,safeuser670@gpay,safeuser268@paytm,1122,Request,159,49,0,Mumbai,No,No,No,0
314,safeuser631@gpay,user494@upi,1213,Receive,26,37,0,Chennai,No,No,Yes,0
315,safeuser622@gpay,merchant493@upi,2043,Request,612,19,0,Bangalore,No,No,Yes,0
316,merchant150@phonepe,user375@gpay,3123,Receive,661,9,0,Delhi,No,No,No,0
317,fakeqr769@gpay,safeuser813@gpay,22287,Send,545,163,5,Kolkata,Yes,No,No,1
318,safeuser860@paytm,user570@gpay,448,Receive,330,48,0,Delhi,Yes,No,Yes,0
319,user377@paytm,user864@paytm,1490,Send,357,37,0,Bangalore,Yes,No,No,0
320,safeuser432@phonepe,user518@upi,486,Request,101,22,0,Chennai,Yes,No,Yes,0
321,user580@gpay,safeuser334@upi,4708,Send,962,2,0,Mumbai,Yes,No,Yes,0
322,user459@gpay,merchant722@phonepe,1119,Receive,117,29,0,Chennai,No,No,No,0
323,safeuser244@gpay,safeuser804@phonepe,9076,Send,449,44,0,Kolkata,Yes,No,Yes,0
324,safeuser226@upi,safeuser578@paytm,5991,Request,417,44,0,Delhi,Yes,No,Yes,0
325,fakeqr605@gpay,merchant332@phonepe,19233,Send,178,32,3,Kolkata,Yes,Yes,Yes,1
326,merchant515@gpay,safeuser143@gpay,1125,Send,891,41,0,Kolkata,No,No,Yes,0
327,safeuser231@phonepe,safeuser432@paytm,4708,Receive,567,38,0,Delhi,No,No,Yes,0
328,merchant290@phonepe,user872@upi,1735,Receive,489,41,0,Chennai,No,No,No,0
329,user363@paytm,user754@gpay,5084,Receive,945,1,0,Mumbai,Yes,No,No,0
330,user439@paytm,safeuser770@paytm,3594,Request,888,42,0,Bangalore,Yes,No,Yes,0
331,scammer970@gpay,safeuser146@upi,44109,Request,882,187,5,Mumbai,No,No,Yes,1
332,fakeqr179@phonepe,safeuser866@paytm,13625,Request,114,64,3,Mumbai,No,Yes,No,1
333,user160@upi,safeuser724@upi,3653,Request,768,23,0,Kolkata,No,No,No,0
334,fakeqr741@paytm,merchant196@phonepe,36028,Receive,743,116,1,Chennai,Yes,Yes,No,1
335,merchant275@upi,user297@upi,3747,Request,628,24,0,Kolkata,Yes,No,Yes,0
336,user369@phonepe,user270@paytm,5282,Receive,359,40,0,Bangalore,No,No,Yes,0
337,merchant380@phonepe,safeuser282@upi,5036,Receive,594,14,0,Chennai,No,No,Yes,0
338,safeuser973@phonepe,safeuser948@paytm,8746,Receive,483,13,0,Chennai,Yes,No,No,0
339,merchant746@paytm,safeuser231@phonepe,3537,Receive,41,23,0,Bangalore,No,No,No,0
340,fakeqr115@upi,safeuser843@upi,33308,Receive,405,143,1,Pune,No,No,Yes,1
341,user816@paytm,merchant999@gpay,2606,Request,520,30,0,Pune,No,No,No,0
342,merchant288@phonepe,user243@phonepe,5956,Request,639,1,0,Chennai,Yes,No,No,0
343,user553@paytm,safeuser720@phonepe,8805,Send,560,40,0,Mumbai,Yes,No,Yes,0
344,fakeqr540@gpay,user893@paytm,12821,Request,452,25,0,Pune,No,No,No,1
345,merchant479@paytm,user678@gpay,650,Send,247,15,0,Kolkata,No,No,No,0
346,merchant420@gpay,merchant274@upi,802,Request,568,24,0,Mumbai,Yes,No,No,0
347,merchant690@paytm,user229@phonepe,4883,Send,732,42,0,Delhi,No,No,No,0
348,safeuser125@paytm,user772@paytm,4876,Send,864,1,0,Mumbai,Yes,No,Yes,0
349,safeuser306@paytm,user883@upi,3521,Request,175,2,0,Pune,No,No,No,0
350,user418@upi,safeuser861@gpay,4746,Receive,640,46,0,Bangalore,Yes,No,No,0
351,user277@paytm,user630@gpay,8541,Receive,862,3,0,Pune,No,No,No,0
352,merchant693@paytm,user546@upi,9924,Send,639,23,0,Chennai,Yes,No,No,0
353,fraudster626@upi,user504@phonepe,15178,Send,4,33,4,Pune,No,No,Yes,1
354,user408@phonepe,merchant920@paytm,8496,Request,536,4,0,Pune,No,No,No,0
355,safeuser671@gpay,safeuser733@gpay,5440,Receive,998,33,0,Chennai,No,No,No,0
356,safeuser621@upi,safeuser750@phonepe,4436,Receive,887,38,0,Delhi,Yes,No,No,0
357,safeuser610@upi,safeuser888@gpay,8467,Receive,948,7,0,Mumbai,No,No,No,0
358,scammer978@paytm,safeuser980@paytm,19681,Request,263,155,0,Chennai,Yes,No,No,1
359,merchant616@paytm,safeuser599@upi,9245,Receive,198,10,0,Kolkata,No,No,Yes,0
360,safeuser124@phonepe,merchant384@paytm,9493,Request,46,38,0,Delhi,No,No,Yes,0
361,user848@gpay,merchant128@gpay,3393,Request,449,25,0,Delhi,No,No,Yes,0
362,safeuser147@phonepe,safeuser335@phonepe,6470,Receive,966,18,0,Bangalore,No,No,No,0
363,merchant445@upi,safeuser551@upi,2827,Send,66,44,0,Chennai,No,No,Yes,0
364,merchant191@phonepe,merchant722@upi,5191,Send,326,26,0,Pune,No,No,Yes,0
365,user196@phonepe,safeuser278@paytm,6726,Receive,175,41,0,Mumbai,Yes,No,Yes,0
366,merchant286@paytm,safeuser378@phonepe,8076,Request,131,37,0,Mumbai,No,No,Yes,0
367,user592@paytm,merchant404@paytm,228,Request,283,37,0,Delhi,No,No,Yes,0
368,user132@upi,user471@gpay,2660,Request,479,16,0,Kolkata,No,No,No,0
369,fraudster775@paytm,safeuser694@phonepe,984,Send,993,110,3,Mumbai,Yes,No,Yes,1
370,scammer760@paytm,merchant652@gpay,27371,Send,84,104,2,Mumbai,Yes,No,Yes,1
371,user215@paytm,user754@phonepe,4337,Receive,612,19,0,Mumbai,No,No,No,0
372,user725@phonepe,user838@gpay,585,Receive,959,19,0,Delhi,No,No,No,0
373,user999@phonepe,safeuser666@upi,5970,Send,826,14,0,Pune,No,No,No,0
374,safeuser750@phonepe,merchant307@paytm,6131,Send,293,18,0,Kolkata,Yes,No,Yes,0
375,user794@phonepe,safeuser910@paytm,9615,Receive,603,44,0,Kolkata,Yes,No,Yes,0
376,user142@phonepe,merchant136@phonepe,8305,Send,269,23,0,Pune,No,No,No,0
377,user342@phonepe,merchant713@upi,3996,Request,998,24,0,Chennai,No,No,No,0
378,merchant517@upi,user894@gpay,576,Request,605,15,0,Kolkata,No,No,No,0
379,fakeqr717@gpay,user669@gpay,37828,Receive,715,105,1,Mumbai,Yes,Yes,No,1
380,merchant706@phonepe,merchant274@paytm,9662,Send,197,29,0,Bangalore,Yes,No,No,0
381,merchant382@paytm,user565@gpay,4432,Receive,174,39,0,Kolkata,Yes,No,No,0
382,safeuser128@gpay,user285@gpay,3312,Send,251,45,0,Bangalore,Yes,No,No,0
383,user406@gpay,user788@upi,6964,Receive,914,29,0,Bangalore,No,No,Yes,0
384,merchant872@paytm,safeuser993@phonepe,7673,Receive,223,31,0,Bangalore,No,No,Yes,0
385,safeuser607@phonepe,user363@upi,5071,Receive,455,2,0,Delhi,No,No,No,0
386,user639@gpay,merchant124@gpay,5449,Send,974,21,0,Delhi,Yes,No,Yes,0
387,merchant977@upi,merchant454@upi,7340,Request,659,43,0,Pune,No,No,Yes,0
388,user708@paytm,safeuser786@paytm,6607,Receive,907,28,0,Chennai,Yes,No,Yes,0
389,merchant291@paytm,safeuser994@gpay,4343,Receive,433,18,0,Kolkata,Yes,No,No,0
390,user810@gpay,merchant640@gpay,506,Send,673,17,0,Mumbai,No,No,Yes,0
391,user817@phonepe,user256@upi,7939,Request,753,15,0,Mumbai,Yes,No,Yes,0
392,merchant994@upi,user785@phonepe,7580,Request,76,8,0,Pune,No,No,Yes,0
393,scammer769@upi,merchant359@paytm,16434,Receive,391,115,5,Bangalore,No,Yes,Yes,1
394,merchant702@gpay,user234@paytm,2709,Receive,798,33,0,Chennai,No,No,No,0
395,merchant364@upi,merchant177@paytm,2550,Receive,645,5,0,Kolkata,No,No,Yes,0
396,fakeqr624@gpay,merchant295@phonepe,26554,Request,333,31,5,Bangalore,Yes,No,Yes,1
397,fakeqr316@upi,safeuser790@gpay,14471,Receive,607,132,1,Kolkata,No,No,No,1
398,user361@gpay,safeuser917@gpay,8135,Request,553,44,0,Bangalore,No,No,No,0
399,scammer253@phonepe,safeuser320@paytm,24850,Send,861,169,1,Pune,Yes,No,No,1
400,user171@phonepe,merchant399@paytm,4256,Send,706,31,0,Delhi,Yes,No,Yes,0
401,merchant334@phonepe,user280@phonepe,8688,Send,934,37,0,Kolkata,Yes,No,No,0
402,merchant584@gpay,safeuser219@paytm,5422,Receive,730,3,0,Delhi,Yes,No,No,0
403,user168@paytm,user991@paytm,2544,Receive,361,42,0,Delhi,No,No,No,0
404,merchant627@paytm,merchant358@paytm,4699,Send,844,9,0,Bangalore,Yes,No,Yes,0
405,merchant759@upi,user996@paytm,9500,Send,3,22,0,Pune,Yes,No,No,0
406,merchant467@paytm,user989@paytm,5920,Request,96,3,0,Pune,No,No,No,0
407,merchant166@phonepe,safeuser300@phonepe,5924,Send,579,36,0,Chennai,Yes,No,Yes,0
408,merchant147@phonepe,user672@phonepe,4762,Request,952,21,0,Pune,No,No,No,0
409,user513@gpay,merchant997@phonepe,7076,Receive,298,27,0,Delhi,No,No,No,0
410,safeuser181@upi,merchant976@upi,7090,Request,820,31,0,Kolkata,Yes,No,Yes,0
411,merchant760@gpay,merchant229@gpay,4952,Request,910,22,0,Mumbai,No,No,No,0
412,user309@paytm,merchant254@upi,4936,Send,290,2,0,Kolkata,No,No,No,0
413,user779@phonepe,merchant321@upi,7822,Request,554,25,0,Delhi,No,No,Yes,0
414,merchant169@paytm,user669@upi,555,Request,222,10,0,Chennai,No,No,Yes,0
415,user559@upi,merchant346@phonepe,2574,Send,671,44,0,Mumbai,No,No,No,0
416,safeuser214@gpay,user120@paytm,9723,Send,44,16,0,Mumbai,No,No,No,0
417,user833@upi,safeuser272@upi,2678,Request,60,7,0,Mumbai,No,No,Yes,0
418,safeuser960@paytm,user621@paytm,7218,Receive,949,42,0,Bangalore,No,No,Yes,0
419,fraudster928@paytm,safeuser560@paytm,35347,Request,157,82,4,Delhi,Yes,Yes,No,1
420,fraudster116@upi,user602@upi,32776,Receive,931,168,0,Pune,No,Yes,Yes,1
421,user891@paytm,merchant945@gpay,7643,Request,696,3,0,Bangalore,Yes,No,Yes,0
422,user322@paytm,user298@gpay,4261,Send,897,40,0,Mumbai,Yes,No,Yes,0
423,user347@upi,safeuser343@upi,358,Request,177,6,0,Bangalore,Yes,No,Yes,0
424,merchant474@gpay,safeuser399@paytm,8414,Receive,227,36,0,Chennai,Yes,No,Yes,0
425,merchant147@upi,user535@upi,5205,Receive,374,27,0,Kolkata,No,No,No,0
426,fraudster258@paytm,merchant140@gpay,18725,Send,899,175,2,Delhi,No,No,Yes,1
427,merchant346@gpay,merchant811@gpay,8764,Request,138,16,0,Mumbai,No,No,Yes,0
428,user908@paytm,merchant988@phonepe,709,Send,291,30,0,Mumbai,Yes,No,Yes,0
429,merchant142@gpay,safeuser900@phonepe,2647,Receive,649,23,0,Mumbai,Yes,No,Yes,0
430,fakeqr795@gpay,safeuser864@paytm,31611,Request,516,167,5,Chennai,No,No,No,1
431,safeuser907@paytm,merchant113@phonepe,895,Receive,378,50,0,Pune,Yes,No,Yes,0
432,safeuser530@phonepe,user438@phonepe,9532,Receive,700,33,0,Bangalore,Yes,No,Yes,0
433,safeuser293@phonepe,merchant438@upi,3833,Request,799,16,0,Chennai,Yes,No,Yes,0
434,safeuser793@upi,safeuser721@phonepe,4365,Send,718,30,0,Delhi,Yes,No,Yes,0
435,merchant335@phonepe,user510@upi,4471,Send,961,4,0,Pune,Yes,No,Yes,0
436,user571@paytm,safeuser787@upi,9448,Receive,871,19,0,Delhi,Yes,No,No,0
437,user355@phonepe,safeuser303@gpay,1822,Receive,191,33,0,Delhi,No,No,No,0
438,fakeqr734@phonepe,safeuser369@gpay,2638,Send,555,131,5,Mumbai,No,No,No,1
439,merchant307@upi,user254@gpay,6284,Send,895,43,0,Kolkata,Yes,No,No,0
440,safeuser273@gpay,safeuser349@upi,1341,Request,919,11,0,Chennai,No,No,No,0
441,safeuser292@gpay,safeuser866@phonepe,514,Request,14,14,0,Kolkata,Yes,No,Yes,0
442,merchant166@paytm,merchant864@phonepe,9374,Send,531,39,0,Chennai,Yes,No,Yes,0
443,safeuser885@upi,safeuser197@paytm,8873,Receive,66,13,0,Bangalore,Yes,No,No,0
444,merchant526@upi,merchant934@paytm,5418,Send,649,22,0,Pune,No,No,Yes,0
445,safeuser767@paytm,merchant849@gpay,3891,Receive,113,32,0,Chennai,No,No,No,0
446,merchant952@upi,user691@upi,4656,Send,423,36,0,Chennai,Yes,No,No,0
447,user163@phonepe,safeuser971@phonepe,6839,Send,553,31,0,Delhi,No,No,No,0
448,user240@gpay,merchant411@gpay,8368,Request,558,21,0,Bangalore,Yes,No,No,0
449,user923@paytm,merchant348@paytm,9437,Request,968,39,0,Pune,Yes,No,Yes,0
450,fraudster335@phonepe,user220@gpay,14227,Receive,798,152,4,Pune,Yes,No,No,1
451,safeuser404@upi,safeuser184@gpay,4582,Request,982,34,0,Kolkata,No,No,Yes,0
452,user102@phonepe,merchant623@paytm,9350,Send,495,29,0,Kolkata,No,No,Yes,0
453,user103@gpay,safeuser691@paytm,7999,Request,341,21,0,Chennai,Yes,No,Yes,0
454,safeuser309@paytm,safeuser193@upi,9269,Receive,980,27,0,Mumbai,No,No,Yes,0
455,user988@phonepe,user340@paytm,4185,Send,658,27,0,Mumbai,No,No,Yes,0
456,merchant967@upi,user480@gpay,6912,Send,365,21,0,Mumbai,No,No,Yes,0
457,merchant148@paytm,user269@gpay,9006,Receive,892,11,0,Pune,No,No,No,0
458,merchant935@paytm,safeuser903@phonepe,6439,Send,38,25,0,Pune,Yes,No,Yes,0
459,safeuser383@upi,merchant263@gpay,2347,Request,327,36,0,Bangalore,Yes,No,Yes,0
460,fraudster329@phonepe,safeuser658@phonepe,14560,Send,471,74,1,Chennai,Yes,No,Yes,1
461,user778@paytm,merchant235@paytm,8932,Receive,279,12,0,Kolkata,No,No,Yes,0
462,merchant595@phonepe,safeuser307@gpay,9388,Send,807,22,0,Kolkata,No,No,No,0
463,safeuser564@paytm,merchant148@phonepe,1812,Receive,671,31,0,Mumbai,Yes,No,No,0
464,merchant898@paytm,user268@gpay,1743,Request,118,26,0,Delhi,Yes,No,Yes,0
465,fraudster199@phonepe,user671@phonepe,41915,Receive,269,154,5,Pune,No,Yes,No,1
466,fraudster801@phonepe,merchant812@gpay,47442,Send,107,130,5,Pune,Yes,No,Yes,1
467,user782@upi,safeuser201@gpay,1673,Send,936,31,0,Delhi,Yes,No,Yes,0
468,safeuser220@gpay,user966@upi,4706,Request,593,11,0,Delhi,Yes,No,No,0
469,scammer295@phonepe,merchant961@phonepe,21512,Send,52,108,0,Bangalore,No,No,No,1
470,user154@phonepe,user691@upi,3874,Request,379,22,0,Kolkata,Yes,No,No,0
471,safeuser367@phonepe,safeuser429@gpay,1520,Request,543,23,0,Delhi,Yes,No,Yes,0
472,safeuser586@paytm,user445@upi,2877,Receive,377,18,0,Chennai,No,No,No,0
473,fakeqr583@gpay,user671@phonepe,49735,Send,178,11,4,Mumbai,Yes,No,No,1
474,merchant756@gpay,safeuser888@paytm,7945,Request,132,30,0,Kolkata,No,No,No,0
475,user373@gpay,user751@upi,4328,Receive,145,22,0,Pune,Yes,No,No,0
476,scammer150@paytm,merchant900@paytm,25014,Send,601,171,3,Chennai,Yes,Yes,Yes,1
477,user357@upi,user460@gpay,7031,Send,133,4,0,Mumbai,No,No,No,0
478,merchant232@upi,merchant985@upi,9796,Receive,652,8,0,Pune,No,No,No,0
479,merchant641@gpay,user298@phonepe,7634,Request,168,23,0,Chennai,No,No,No,0
480,user920@gpay,merchant538@upi,914,Request,321,28,0,Delhi,Yes,No,Yes,0
481,user539@paytm,user865@upi,2571,Send,250,30,0,Kolkata,No,No,No,0
482,user783@gpay,merchant569@gpay,5489,Receive,319,6,0,Delhi,Yes,No,Yes,0
483,safeuser188@paytm,user558@paytm,3270,Send,925,17,0,Pune,Yes,No,No,0
484,user757@gpay,safeuser343@upi,4042,Send,607,44,0,Pune,Yes,No,Yes,0
485,safeuser386@gpay,merchant766@phonepe,4787,Request,721,32,0,Bangalore,Yes,No,No,0
486,user371@gpay,user574@phonepe,4861,Receive,585,7,0,Delhi,Yes,No,Yes,0
487,merchant902@upi,merchant200@upi,9635,Receive,911,3,0,Pune,Yes,No,No,0
488,safeuser669@gpay,merchant139@upi,3706,Receive,374,10,0,Mumbai,Yes,No,Yes,0
489,safeuser574@phonepe,user923@gpay,4094,Send,724,2,0,Delhi,Yes,No,Yes,0
490,safeuser396@phonepe,user570@paytm,1813,Send,532,49,0,Delhi,No,No,Yes,0
491,safeuser565@paytm,user994@upi,7967,Receive,409,16,0,Bangalore,No,No,Yes,0
492,user782@paytm,user665@phonepe,8780,Receive,856,35,0,Mumbai,No,No,No,0
493,merchant171@upi,user203@phonepe,7714,Receive,151,11,0,Bangalore,Yes,No,Yes,0
494,merchant725@upi,user288@paytm,4927,Send,372,29,0,Kolkata,No,No,No,0
495,safeuser952@upi,user216@phonepe,3509,Request,103,29,0,Chennai,No,No,Yes,0
496,merchant319@upi,safeuser651@upi,4389,Receive,148,5,0,Chennai,No,No,Yes,0
497,user415@gpay,user526@paytm,6503,Request,620,18,0,Pune,Yes,No,No,0
498,merchant796@phonepe,merchant324@phonepe,3669,Send,618,20,0,Chennai,Yes,No,Yes,0
499,safeuser537@gpay,user691@paytm,4472,Request,65,12,0,Kolkata,Yes,No,No,0
500,user963@upi,user580@phonepe,1637,Send,930,6,0,Pune,Yes,No,Yes,0
501,merchant663@paytm,safeuser991@paytm,3519,Send,202,11,0,Pune,No,No,Yes,0
502,merchant326@gpay,safeuser946@phonepe,8219,Request,763,10,0,Delhi,Yes,No,No,0
503,user628@upi,merchant975@gpay,6287,Send,531,1,0,Mumbai,No,No,Yes,0
504,user831@phonepe,merchant803@phonepe,2201,Request,16,36,0,Mumbai,Yes,No,No,0
505,user651@upi,merchant801@phonepe,3996,Send,281,30,0,Bangalore,Yes,No,No,0
506,safeuser183@gpay,merchant293@upi,8965,Receive,983,4,0,Kolkata,No,No,Yes,0
507,safeuser145@paytm,merchant487@paytm,3690,Request,714,17,0,Chennai,No,No,No,0
508,merchant518@paytm,safeuser240@gpay,4546,Receive,171,19,0,Kolkata,Yes,No,No,0
509,scammer928@phonepe,merchant690@paytm,4521,Request,3,96,0,Bangalore,Yes,No,No,1
510,safeuser440@phonepe,user762@phonepe,242,Receive,778,30,0,Kolkata,Yes,No,No,0
511,safeuser319@upi,user439@gpay,7524,Receive,1000,45,0,Mumbai,Yes,No,No,0
512,safeuser863@phonepe,user327@upi,7508,Request,5,42,0,Mumbai,Yes,No,Yes,0
513,user335@gpay,merchant253@upi,8782,Send,478,9,0,Delhi,Yes,No,No,0
514,user530@upi,user524@paytm,5658,Receive,245,34,0,Mumbai,Yes,No,No,0
515,fakeqr724@gpay,safeuser474@paytm,9439,Send,818,139,3,Mumbai,No,No,No,1
516,safeuser464@paytm,safeuser684@gpay,7381,Request,407,49,0,Bangalore,Yes,No,Yes,0
517,safeuser329@upi,safeuser688@phonepe,2554,Request,205,40,0,Mumbai,Yes,No,No,0
518,user545@phonepe,merchant755@upi,6943,Request,229,29,0,Pune,Yes,No,Yes,0
519,user654@paytm,safeuser403@phonepe,4645,Send,431,42,0,Bangalore,No,No,Yes,0
520,merchant657@phonepe,safeuser816@upi,4443,Request,527,17,0,Bangalore,Yes,No,Yes,0
521,merchant608@gpay,safeuser806@paytm,4907,Request,411,12,0,Delhi,No,No,Yes,0
522,safeuser196@gpay,user679@gpay,3740,Send,988,21,0,Mumbai,No,No,No,0
523,user233@gpay,safeuser197@paytm,9192,Receive,786,19,0,Bangalore,Yes,No,No,0
524,safeuser371@gpay,merchant382@phonepe,7190,Receive,455,12,0,Bangalore,No,No,Yes,0
525,user912@phonepe,user542@upi,2425,Receive,436,38,0,Mumbai,Yes,No,No,0
526,merchant306@gpay,user831@phonepe,9638,Send,370,14,0,Chennai,Yes,No,Yes,0
527,merchant106@phonepe,safeuser395@gpay,4556,Request,893,4,0,Delhi,No,No,No,0
528,merchant379@phonepe,user863@paytm,178,Receive,680,45,0,Chennai,No,No,No,0
529,user971@phonepe,user518@phonepe,5896,Receive,813,33,0,Kolkata,No,No,No,0
530,safeuser201@upi,merchant790@upi,3471,Send,508,44,0,Delhi,No,No,Yes,0
531,user371@paytm,safeuser817@phonepe,1075,Receive,341,30,0,Pune,No,No,No,0
532,fraudster209@paytm,user851@phonepe,28743,Send,421,168,0,Chennai,No,No,No,1
533,safeuser104@paytm,merchant208@paytm,5772,Send,534,30,0,Pune,No,No,No,0
534,merchant122@paytm,user944@phonepe,3494,Request,553,28,0,Pune,Yes,No,Yes,0
535,user219@phonepe,user414@upi,832,Request,861,45,0,Delhi,No,No,No,0
536,merchant100@gpay,safeuser137@upi,2595,Send,475,23,0,Delhi,Yes,No,No,0
537,fraudster795@phonepe,user719@upi,40687,Receive,856,8,0,Delhi,No,No,Yes,1
538,safeuser810@upi,user629@phonepe,9379,Receive,810,24,0,Bangalore,No,No,No,0
539,fraudster550@paytm,safeuser462@upi,27273,Request,248,102,2,Pune,Yes,No,Yes,1
540,user857@paytm,merchant805@paytm,8220,Receive,758,8,0,Kolkata,Yes,No,No,0
541,fakeqr297@phonepe,merchant561@paytm,14642,Receive,906,8,1,Chennai,No,No,No,1
542,safeuser330@paytm,user423@gpay,578,Send,918,39,0,Mumbai,Yes,No,Yes,0
543,user347@upi,user188@upi,7393,Send,765,14,0,Pune,Yes,No,Yes,0
544,safeuser279@phonepe,user670@paytm,6226,Request,891,3,0,Delhi,Yes,No,No,0
545,safeuser280@upi,safeuser339@phonepe,1598,Receive,242,4,0,Bangalore,Yes,No,Yes,0
546,merchant214@paytm,user399@phonepe,7972,Receive,695,25,0,Kolkata,No,No,Yes,0
547,safeuser862@phonepe,safeuser539@gpay,8762,Send,142,46,0,Mumbai,Yes,No,No,0
548,merchant624@phonepe,user447@phonepe,2505,Send,890,38,0,Bangalore,No,No,No,0
549,merchant450@upi,merchant480@gpay,4596,Request,904,12,0,Bangalore,Yes,No,No,0
550,fakeqr479@phonepe,safeuser948@upi,6629,Receive,461,6,3,Kolkata,No,No,No,1
551,merchant455@upi,safeuser939@paytm,6794,Receive,372,13,0,Bangalore,Yes,No,No,0
552,merchant278@gpay,user157@phonepe,7258,Send,590,50,0,Bangalore,Yes,No,No,0
553,safeuser436@paytm,safeuser267@upi,4888,Receive,616,19,0,Kolkata,No,No,Yes,0
554,fakeqr606@paytm,user658@gpay,8661,Request,356,35,3,Kolkata,Yes,No,Yes,1
555,safeuser565@gpay,merchant228@upi,6236,Send,640,24,0,Kolkata,Yes,No,No,0
556,user142@gpay,merchant722@gpay,911,Receive,228,10,0,Chennai,Yes,No,No,0
557,scammer586@paytm,safeuser213@gpay,17170,Request,884,32,2,Chennai,Yes,No,Yes,1
558,safeuser223@paytm,user192@paytm,5397,Receive,320,9,0,Chennai,Yes,No,Yes,0
559,user497@phonepe,user691@phonepe,7765,Receive,687,32,0,Mumbai,No,No,Yes,0
560,user878@gpay,safeuser198@phonepe,5479,Request,973,12,0,Kolkata,Yes,No,No,0
561,user200@paytm,safeuser759@gpay,700,Send,576,7,0,Delhi,No,No,No,0
562,user550@gpay,merchant345@paytm,9734,Request,88,8,0,Mumbai,No,No,No,0
563,merchant448@upi,merchant812@phonepe,6301,Receive,209,17,0,Delhi,Yes,No,Yes,0
564,user572@phonepe,safeuser814@paytm,1937,Receive,960,17,0,Mumbai,Yes,No,No,0
565,safeuser618@paytm,user984@gpay,7961,Request,741,46,0,Pune,Yes,No,Yes,0
566,user806@upi,merchant316@phonepe,6768,Receive,27,3,0,Pune,No,No,No,0
567,merchant324@upi,user857@paytm,2805,Send,7,47,0,Delhi,No,No,Yes,0
568,merchant442@upi,merchant522@paytm,7174,Send,970,35,0,Chennai,No,No,No,0
569,merchant235@gpay,safeuser313@paytm,5639,Request,26,3,0,Delhi,No,No,No,0
570,merchant577@phonepe,safeuser804@phonepe,3886,Send,86,47,0,Mumbai,No,No,Yes,0
571,merchant339@paytm,user819@gpay,9479,Send,326,31,0,Kolkata,No,No,No,0
572,safeuser385@gpay,merchant399@gpay,6344,Send,361,13,0,Kolkata,No,No,Yes,0
573,user978@phonepe,safeuser809@gpay,3234,Send,33,38,0,Delhi,Yes,No,No,0
574,user221@phonepe,merchant413@gpay,9110,Request,910,23,0,Delhi,Yes,No,No,0
575,safeuser201@paytm,safeuser458@paytm,3489,Request,585,17,0,Chennai,Yes,No,Yes,0
576,merchant941@paytm,merchant786@phonepe,3570,Receive,901,43,0,Kolkata,Yes,No,No,0
577,safeuser217@paytm,merchant932@gpay,3306,Receive,671,1,0,Delhi,No,No,No,0
578,merchant544@gpay,safeuser134@gpay,5458,Request,448,50,0,Chennai,Yes,No,Yes,0
579,safeuser754@paytm,safeuser629@upi,3090,Request,596,34,0,Kolkata,No,No,Yes,0
580,safeuser135@gpay,safeuser167@paytm,2092,Request,865,32,0,Pune,No,No,Yes,0
581,user836@phonepe,merchant569@upi,844,Receive,257,19,0,Kolkata,No,No,Yes,0
582,merchant607@paytm,user471@paytm,7999,Receive,488,39,0,Bangalore,No,No,No,0
583,safeuser514@paytm,merchant403@phonepe,8642,Request,939,19,0,Delhi,Yes,No,Yes,0
584,safeuser142@phonepe,user471@paytm,5981,Send,332,9,0,Bangalore,Yes,No,No,0
585,safeuser292@phonepe,user786@paytm,1474,Receive,161,31,0,Kolkata,Yes,No,No,0
586,user982@phonepe,merchant128@upi,7849,Receive,706,36,0,Chennai,Yes,No,Yes,0
587,fraudster851@gpay,merchant847@upi,24794,Receive,612,90,0,Delhi,No,No,Yes,1
588,safeuser995@paytm,user151@paytm,3035,Send,508,49,0,Delhi,No,No,Yes,0
589,fraudster516@phonepe,user775@gpay,17598,Receive,105,133,2,Mumbai,Yes,No,Yes,1
590,merchant803@phonepe,user939@gpay,2513,Request,971,29,0,Bangalore,Yes,No,No,0
591,merchant107@gpay,safeuser478@phonepe,4,Request,257,12,0,Kolkata,Yes,No,No,0
592,fraudster135@upi,user413@phonepe,48082,Request,583,39,0,Kolkata,No,No,Yes,1
593,user221@phonepe,user770@upi,111,Send,626,31,0,Kolkata,Yes,No,Yes,0
594,user148@upi,safeuser488@paytm,2926,Send,454,33,0,Bangalore,No,No,No,0
595,safeuser458@gpay,merchant367@upi,7509,Receive,321,42,0,Delhi,Yes,No,No,0
596,safeuser696@gpay,safeuser730@phonepe,7656,Receive,714,34,0,Bangalore,No,No,Yes,0
597,merchant285@phonepe,safeuser233@gpay,6532,Send,88,23,0,Kolkata,No,No,Yes,0
598,merchant439@phonepe,user702@paytm,1801,Receive,349,1,0,Bangalore,No,No,No,0
599,user919@upi,safeuser273@phonepe,9046,Receive,445,31,0,Chennai,No,No,No,0
600,safeuser251@upi,safeuser959@upi,4069,Request,225,8,0,Mumbai,No,No,Yes,0
601,user621@upi,safeuser669@phonepe,5308,Send,581,21,0,Pune,Yes,No,Yes,0
602,safeuser240@gpay,merchant488@phonepe,1251,Receive,458,8,0,Kolkata,No,No,No,0
603,safeuser778@phonepe,user894@upi,3143,Receive,569,37,0,Bangalore,No,No,Yes,0
604,merchant292@phonepe,safeuser942@paytm,5027,Receive,630,6,0,Mumbai,Yes,No,No,0
605,scammer358@gpay,merchant486@paytm,8597,Request,645,108,3,Mumbai,Yes,No,Yes,1
606,user491@paytm,user892@phonepe,7701,Request,164,4,0,Mumbai,Yes,No,Yes,0
607,merchant497@upi,safeuser436@phonepe,3311,Send,962,8,0,Mumbai,Yes,No,Yes,0
608,merchant754@gpay,user424@paytm,4578,Request,660,35,0,Chennai,Yes,No,No,0
609,fraudster373@phonepe,user584@phonepe,4243,Send,341,127,5,Pune,No,Yes,No,1
610,safeuser633@upi,merchant439@paytm,6602,Send,36,10,0,Pune,No,No,Yes,0
611,safeuser592@phonepe,safeuser472@paytm,7140,Receive,419,27,0,Kolkata,Yes,No,Yes,0
612,safeuser404@upi,safeuser395@paytm,3795,Send,588,39,0,Delhi,Yes,No,No,0
613,user902@paytm,merchant658@upi,303,Receive,171,21,0,Kolkata,Yes,No,Yes,0
614,user755@upi,user831@upi,4161,Request,41,44,0,Chennai,Yes,No,No,0
615,merchant892@paytm,user759@gpay,8038,Request,119,2,0,Mumbai,Yes,No,No,0
616,safeuser796@upi,safeuser345@phonepe,2535,Send,929,2,0,Bangalore,Yes,No,Yes,0
617,merchant737@gpay,user206@gpay,1027,Request,192,31,0,Chennai,Yes,No,No,0
618,user996@upi,user941@gpay,8531,Receive,594,28,0,Chennai,No,No,Yes,0
619,user329@paytm,merchant319@upi,3433,Receive,304,20,0,Kolkata,No,No,No,0
620,safeuser402@gpay,safeuser341@paytm,1437,Receive,866,49,0,Chennai,No,No,No,0
621,safeuser230@phonepe,safeuser616@paytm,8245,Receive,772,48,0,Pune,No,No,No,0
622,user523@phonepe,merchant376@upi,2060,Receive,934,35,0,Delhi,Yes,No,Yes,0
623,merchant392@paytm,safeuser875@phonepe,5021,Receive,13,50,0,Delhi,No,No,Yes,0
624,user926@paytm,safeuser356@upi,2850,Receive,77,32,0,Mumbai,No,No,Yes,0
625,merchant908@upi,user671@gpay,814,Request,240,50,0,Pune,Yes,No,No,0
626,user897@paytm,merchant354@upi,1742,Receive,390,3,0,Bangalore,No,No,Yes,0
627,user515@gpay,safeuser650@upi,2262,Request,214,25,0,Delhi,No,No,No,0
628,user632@paytm,user755@upi,9890,Receive,203,1,0,Bangalore,No,No,Yes,0
629,merchant958@gpay,safeuser492@upi,2926,Request,480,2,0,Delhi,No,No,Yes,0
630,merchant607@phonepe,safeuser465@upi,7864,Send,702,25,0,Bangalore,No,No,Yes,0
631,user740@phonepe,user779@phonepe,7287,Request,103,10,0,Chennai,No,No,Yes,0
632,safeuser472@upi,user766@gpay,9794,Request,132,38,0,Mumbai,No,No,No,0
633,merchant442@phonepe,safeuser670@paytm,4612,Send,212,45,0,Bangalore,Yes,No,No,0
634,merchant295@gpay,safeuser529@upi,5455,Send,664,7,0,Delhi,No,No,No,0
635,user775@upi,user768@gpay,5569,Request,842,6,0,Bangalore,Yes,No,Yes,0
636,merchant336@phonepe,user344@paytm,4587,Receive,18,48,0,Chennai,Yes,No,No,0
637,safeuser900@phonepe,user803@upi,1970,Receive,135,19,0,Pune,No,No,Yes,0
638,safeuser145@phonepe,user316@gpay,1404,Send,51,13,0,Delhi,Yes,No,No,0
639,safeuser500@phonepe,safeuser256@gpay,5147,Request,508,9,0,Pune,No,No,No,0
640,user500@paytm,safeuser829@phonepe,8951,Request,717,36,0,Bangalore,No,No,No,0
641,safeuser760@phonepe,user147@upi,8047,Receive,184,46,0,Chennai,Yes,No,Yes,0
642,user456@gpay,safeuser772@gpay,5752,Request,695,6,0,Pune,Yes,No,No,0
643,merchant652@gpay,user620@phonepe,300,Send,830,16,0,Mumbai,Yes,No,No,0
644,merchant743@upi,user212@gpay,2819,Receive,815,44,0,Mumbai,Yes,No,No,0
645,safeuser263@upi,merchant763@gpay,736,Request,545,10,0,Bangalore,Yes,No,No,0
646,scammer947@upi,safeuser186@phonepe,37525,Send,679,52,3,Delhi,Yes,No,Yes,1
647,safeuser442@upi,safeuser531@gpay,137,Send,651,22,0,Chennai,No,No,No,0
648,merchant774@phonepe,user191@gpay,2161,Receive,224,34,0,Pune,No,No,Yes,0
649,safeuser912@paytm,user872@phonepe,1425,Request,277,26,0,Delhi,No,No,Yes,0
650,scammer727@upi,user827@phonepe,34537,Send,535,10,4,Chennai,No,Yes,Yes,1
651,user600@paytm,merchant164@paytm,260,Receive,775,18,0,Delhi,Yes,No,No,0
652,safeuser614@paytm,merchant473@upi,7202,Receive,852,42,0,Pune,No,No,No,0
653,merchant447@paytm,user271@phonepe,938,Receive,689,34,0,Bangalore,Yes,No,Yes,0
654,user282@gpay,merchant601@paytm,6645,Send,551,44,0,Kolkata,No,No,Yes,0
655,safeuser818@gpay,safeuser991@upi,5586,Send,412,2,0,Chennai,No,No,No,0
656,merchant479@paytm,safeuser476@gpay,7736,Request,425,14,0,Chennai,Yes,No,Yes,0
657,merchant690@paytm,merchant481@phonepe,1846,Receive,707,32,0,Kolkata,No,No,No,0
658,safeuser628@paytm,merchant394@upi,6037,Receive,815,45,0,Chennai,Yes,No,No,0
659,safeuser832@paytm,safeuser114@phonepe,7750,Request,858,20,0,Mumbai,No,No,No,0
660,user992@paytm,user173@upi,2280,Receive,33,23,0,Mumbai,No,No,No,0
661,scammer651@paytm,merchant275@upi,16584,Request,817,31,2,Delhi,No,No,No,1
662,safeuser242@phonepe,merchant576@phonepe,7936,Send,768,14,0,Bangalore,No,No,No,0
663,fakeqr668@phonepe,user322@gpay,20145,Request,255,106,0,Delhi,No,Yes,Yes,1
664,user741@upi,safeuser383@phonepe,5853,Request,491,17,0,Chennai,Yes,No,No,0
665,merchant426@phonepe,user264@paytm,1652,Receive,511,12,0,Delhi,No,No,No,0
666,merchant208@upi,user788@paytm,653,Receive,379,17,0,Mumbai,Yes,No,Yes,0
667,merchant167@phonepe,user687@upi,3275,Send,522,7,0,Mumbai,No,No,No,0
668,merchant694@gpay,safeuser352@paytm,9791,Receive,670,23,0,Delhi,No,No,Yes,0
669,safeuser349@gpay,safeuser921@phonepe,8317,Receive,43,44,0,Bangalore,No,No,Yes,0
670,safeuser204@phonepe,user646@phonepe,2472,Request,148,26,0,Pune,No,No,No,0
671,fraudster187@gpay,safeuser514@phonepe,5237,Request,52,117,4,Pune,No,Yes,Yes,1
672,fraudster574@gpay,user990@gpay,25263,Request,684,136,5,Pune,No,Yes,Yes,1
673,user438@gpay,safeuser489@paytm,2885,Receive,719,23,0,Chennai,No,No,Yes,0
674,safeuser172@gpay,merchant218@gpay,3432,Request,847,34,0,Mumbai,No,No,Yes,0
675,user699@paytm,safeuser662@upi,6815,Send,789,48,0,Mumbai,No,No,Yes,0
676,safeuser220@paytm,user921@gpay,4199,Receive,189,44,0,Pune,No,No,Yes,0
677,safeuser635@gpay,user235@phonepe,344,Send,138,36,0,Bangalore,No,No,No,0
678,user314@gpay,safeuser630@gpay,2281,Request,925,26,0,Kolkata,Yes,No,No,0
679,safeuser447@upi,safeuser264@paytm,2796,Send,976,3,0,Bangalore,No,No,Yes,0
680,safeuser864@paytm,safeuser370@gpay,476,Receive,535,14,0,Chennai,No,No,No,0
681,safeuser911@gpay,safeuser547@paytm,2736,Request,261,17,0,Kolkata,Yes,No,No,0
682,user867@phonepe,user559@upi,4511,Send,653,27,0,Chennai,Yes,No,Yes,0
683,merchant638@paytm,safeuser637@upi,3408,Send,36,22,0,Pune,Yes,No,No,0
684,safeuser641@paytm,user437@phonepe,1697,Receive,983,41,0,Chennai,Yes,No,Yes,0
685,scammer606@phonepe,safeuser181@phonepe,48838,Send,448,37,0,Delhi,No,No,Yes,1
686,safeuser647@paytm,safeuser419@paytm,5253,Send,605,46,0,Kolkata,Yes,No,Yes,0
687,merchant654@phonepe,merchant401@upi,4423,Receive,146,45,0,Kolkata,Yes,No,Yes,0
688,safeuser176@paytm,safeuser184@phonepe,2664,Request,53,1,0,Kolkata,Yes,No,No,0
689,user914@phonepe,merchant834@gpay,2821,Send,184,17,0,Kolkata,No,No,No,0
690,scammer399@paytm,safeuser763@paytm,1222,Send,544,92,2,Kolkata,Yes,No,No,1
691,merchant962@gpay,safeuser221@gpay,3030,Send,826,41,0,Delhi,Yes,No,Yes,0
692,user903@paytm,user207@paytm,2633,Send,897,40,0,Mumbai,Yes,No,No,0
693,user900@paytm,user435@paytm,6396,Send,342,1,0,Kolkata,Yes,No,Yes,0
694,scammer963@upi,safeuser798@gpay,8019,Request,522,126,3,Delhi,Yes,No,No,1
695,merchant432@phonepe,safeuser143@paytm,7167,Request,905,49,0,Kolkata,Yes,No,Yes,0
696,merchant879@upi,merchant154@phonepe,9511,Receive,119,8,0,Pune,No,No,Yes,0
697,merchant983@paytm,safeuser860@upi,9860,Send,109,26,0,Mumbai,No,No,No,0
698,merchant221@upi,merchant859@paytm,3321,Request,837,23,0,Kolkata,Yes,No,Yes,0
699,safeuser406@paytm,user511@upi,3968,Request,978,33,0,Kolkata,No,No,No,0
700,merchant945@upi,safeuser982@upi,5415,Receive,883,7,0,Pune,No,No,Yes,0
701,merchant782@phonepe,safeuser838@upi,3741,Receive,922,40,0,Pune,Yes,No,Yes,0
702,safeuser479@upi,user526@paytm,2794,Send,845,43,0,Pune,No,No,No,0
703,safeuser677@paytm,safeuser612@phonepe,7741,Receive,602,5,0,Mumbai,No,No,Yes,0
704,scammer386@gpay,user989@gpay,44465,Send,731,96,2,Mumbai,No,No,Yes,1
705,safeuser683@gpay,merchant660@paytm,1654,Send,387,5,0,Kolkata,Yes,No,Yes,0
706,merchant616@paytm,safeuser685@paytm,6896,Send,55,19,0,Mumbai,No,No,No,0
707,safeuser932@gpay,user368@paytm,2435,Receive,796,43,0,Mumbai,Yes,No,No,0
708,merchant787@paytm,user590@upi,3756,Receive,192,21,0,Pune,No,No,No,0
709,user470@paytm,user198@paytm,5175,Request,28,13,0,Chennai,No,No,Yes,0
710,user198@upi,merchant961@paytm,1219,Send,413,25,0,Bangalore,No,No,Yes,0
711,safeuser887@phonepe,user561@phonepe,5488,Send,356,23,0,Delhi,No,No,Yes,0
712,merchant728@upi,user430@paytm,9386,Request,935,5,0,Mumbai,Yes,No,Yes,0
713,safeuser587@phonepe,safeuser412@phonepe,5389,Receive,134,5,0,Chennai,No,No,Yes,0
714,user730@paytm,safeuser990@paytm,4184,Receive,170,16,0,Chennai,Yes,No,Yes,0
715,user853@upi,merchant933@phonepe,3559,Receive,372,27,0,Bangalore,No,No,No,0
716,user390@phonepe,user643@paytm,398,Send,27,37,0,Mumbai,Yes,No,Yes,0
717,merchant623@upi,user257@upi,6595,Receive,865,23,0,Mumbai,Yes,No,No,0
718,safeuser612@paytm,safeuser202@phonepe,6360,Receive,691,39,0,Chennai,Yes,No,No,0
719,fakeqr889@gpay,user270@upi,5843,Receive,16,155,5,Kolkata,No,Yes,No,1
720,scammer152@paytm,user279@phonepe,4939,Request,35,119,4,Bangalore,No,No,Yes,1
721,merchant298@paytm,safeuser638@gpay,4410,Request,34,31,0,Chennai,Yes,No,Yes,0
722,user167@phonepe,safeuser842@upi,1882,Request,50,43,0,Bangalore,No,No,Yes,0
723,merchant501@gpay,user600@phonepe,4957,Receive,386,27,0,Pune,Yes,No,No,0
724,safeuser942@paytm,user324@gpay,2024,Request,806,48,0,Pune,No,No,Yes,0
725,fraudster763@phonepe,safeuser708@gpay,47036,Send,954,152,5,Pune,Yes,No,Yes,1
726,user979@upi,merchant550@gpay,9172,Send,367,16,0,Kolkata,Yes,No,No,0
727,user193@gpay,user732@upi,9472,Send,641,19,0,Chennai,Yes,No,Yes,0
728,user328@phonepe,safeuser693@gpay,1820,Receive,867,41,0,Kolkata,Yes,No,No,0
729,merchant874@gpay,user434@gpay,8656,Request,534,3,0,Chennai,No,No,Yes,0
730,safeuser213@phonepe,user630@paytm,3694,Request,837,38,0,Kolkata,No,No,No,0
731,safeuser454@phonepe,safeuser863@gpay,1754,Receive,521,32,0,Pune,No,No,Yes,0
732,safeuser702@paytm,merchant355@phonepe,8244,Request,663,4,0,Mumbai,Yes,No,Yes,0
733,user889@phonepe,user894@paytm,4268,Receive,76,20,0,Bangalore,No,No,No,0
734,merchant243@upi,merchant551@gpay,8162,Send,181,22,0,Pune,Yes,No,No,0
735,merchant359@gpay,user901@upi,2581,Send,210,5,0,Bangalore,No,No,Yes,0
736,fakeqr128@upi,user914@gpay,2801,Send,812,48,2,Chennai,Yes,No,No,1
737,safeuser880@gpay,safeuser897@gpay,2556,Send,33,34,0,Mumbai,Yes,No,Yes,0
738,merchant980@upi,safeuser306@gpay,6502,Request,736,6,0,Chennai,Yes,No,Yes,0
739,merchant265@gpay,user960@upi,1727,Receive,697,8,0,Pune,No,No,Yes,0
740,user728@upi,user508@phonepe,6263,Receive,136,17,0,Kolkata,No,No,No,0
741,merchant814@phonepe,merchant346@gpay,7576,Send,760,29,0,Delhi,Yes,No,Yes,0
742,safeuser335@paytm,merchant433@upi,5577,Send,638,43,0,Delhi,Yes,No,No,0
743,user955@gpay,safeuser297@phonepe,4363,Request,587,39,0,Chennai,Yes,No,Yes,0
744,safeuser296@phonepe,user789@upi,3302,Receive,900,45,0,Chennai,No,No,No,0
745,safeuser337@phonepe,merchant209@phonepe,2413,Receive,277,46,0,Chennai,Yes,No,Yes,0
746,user563@upi,user956@upi,6876,Request,909,18,0,Delhi,Yes,No,No,0
747,fakeqr264@phonepe,merchant664@upi,45785,Send,789,184,4,Kolkata,No,Yes,Yes,1
748,safeuser909@upi,user278@gpay,3432,Send,2,8,0,Chennai,Yes,No,No,0
749,safeuser213@phonepe,user489@upi,4690,Receive,14,19,0,Mumbai,No,No,Yes,0
750,safeuser749@upi,safeuser215@gpay,9258,Send,94,7,0,Delhi,Yes,No,No,0
751,merchant126@upi,user498@upi,9771,Request,763,18,0,Kolkata,Yes,No,No,0
752,user301@phonepe,user874@upi,1148,Request,155,4,0,Delhi,Yes,No,Yes,0
753,user171@upi,safeuser801@phonepe,5919,Request,880,30,0,Bangalore,No,No,Yes,0
754,safeuser658@gpay,safeuser910@gpay,7144,Send,99,13,0,Chennai,Yes,No,No,0
755,user307@upi,user908@gpay,4710,Request,59,26,0,Mumbai,No,No,No,0
756,user567@upi,safeuser540@upi,1740,Request,814,12,0,Kolkata,No,No,Yes,0
757,user618@phonepe,safeuser996@phonepe,9767,Request,812,3,0,Kolkata,Yes,No,Yes,0
758,safeuser404@upi,merchant783@upi,5545,Receive,795,7,0,Mumbai,No,No,No,0
759,merchant321@gpay,user686@paytm,8870,Request,596,42,0,Mumbai,Yes,No,No,0
760,user827@paytm,merchant415@gpay,2511,Receive,612,36,0,Pune,Yes,No,Yes,0
761,fakeqr815@gpay,safeuser112@upi,32336,Request,978,110,5,Pune,Yes,Yes,Yes,1
762,safeuser796@phonepe,safeuser226@upi,6632,Receive,252,33,0,Mumbai,Yes,No,Yes,0
763,user481@paytm,safeuser428@paytm,9034,Send,654,10,0,Pune,No,No,Yes,0
764,user841@phonepe,safeuser816@phonepe,1780,Receive,112,29,0,Delhi,Yes,No,No,0
765,safeuser761@paytm,merchant970@phonepe,7376,Send,933,20,0,Bangalore,No,No,No,0
766,merchant680@phonepe,user797@paytm,9078,Request,312,20,0,Kolkata,No,No,Yes,0
767,fraudster615@gpay,user426@phonepe,37759,Request,232,199,0,Kolkata,No,Yes,No,1
768,scammer642@phonepe,merchant623@gpay,24568,Request,571,78,0,Mumbai,No,Yes,Yes,1
769,user558@gpay,merchant229@gpay,6894,Send,928,34,0,Delhi,Yes,No,Yes,0
770,safeuser433@upi,safeuser731@paytm,6909,Send,447,46,0,Kolkata,No,No,Yes,0
771,scammer320@upi,safeuser193@upi,11331,Send,11,64,2,Pune,Yes,No,Yes,1
772,fraudster629@gpay,merchant349@paytm,39064,Send,700,91,0,Mumbai,No,Yes,No,1
773,merchant455@gpay,merchant332@gpay,8744,Request,48,14,0,Kolkata,Yes,No,Yes,0
774,user750@upi,merchant639@gpay,7813,Request,684,43,0,Bangalore,Yes,No,Yes,0
775,merchant248@upi,user160@gpay,7590,Request,292,1,0,Pune,Yes,No,No,0
776,safeuser636@gpay,user379@gpay,66,Request,315,8,0,Mumbai,Yes,No,No,0
777,user983@gpay,merchant591@paytm,5692,Receive,282,44,0,Pune,No,No,Yes,0
778,user959@paytm,merchant892@upi,8681,Send,541,33,0,Pune,No,No,No,0
779,safeuser866@gpay,user968@upi,2216,Request,522,48,0,Mumbai,No,No,No,0
780,merchant705@phonepe,merchant913@phonepe,6809,Request,306,25,0,Pune,No,No,No,0
781,safeuser738@upi,safeuser156@gpay,4525,Receive,429,20,0,Kolkata,No,No,Yes,0
782,fraudster716@phonepe,safeuser187@gpay,49017,Send,17,108,2,Bangalore,No,Yes,Yes,1
783,merchant408@phonepe,user947@phonepe,8668,Request,191,47,0,Chennai,No,No,Yes,0
784,safeuser449@paytm,safeuser224@phonepe,171,Send,522,41,0,Delhi,No,No,No,0
785,fakeqr985@gpay,user735@phonepe,25998,Receive,708,110,1,Chennai,No,Yes,Yes,1
786,safeuser502@gpay,user349@phonepe,5934,Send,454,37,0,Chennai,No,No,Yes,0
787,user431@gpay,merchant968@paytm,7054,Request,90,50,0,Bangalore,No,No,Yes,0
788,safeuser330@phonepe,merchant717@paytm,817,Request,625,24,0,Bangalore,No,No,No,0
789,merchant588@paytm,merchant888@phonepe,5341,Send,265,42,0,Kolkata,Yes,No,Yes,0
790,merchant641@paytm,safeuser438@upi,3741,Send,142,17,0,Bangalore,No,No,No,0
791,safeuser973@paytm,user221@upi,5089,Receive,327,48,0,Mumbai,Yes,No,No,0
792,user592@gpay,safeuser126@phonepe,6859,Send,904,21,0,Chennai,Yes,No,Yes,0
793,user372@paytm,safeuser933@phonepe,3964,Receive,980,12,0,Pune,Yes,No,No,0
794,safeuser495@paytm,user664@phonepe,5752,Send,259,13,0,Pune,No,No,Yes,0
795,user666@phonepe,safeuser128@paytm,6004,Request,202,17,0,Mumbai,Yes,No,No,0
796,user176@upi,merchant472@upi,3908,Receive,82,29,0,Kolkata,Yes,No,Yes,0
797,safeuser365@paytm,user796@phonepe,3904,Request,977,44,0,Kolkata,No,No,No,0
798,safeuser227@upi,safeuser629@phonepe,9325,Receive,650,31,0,Chennai,No,No,No,0
799,merchant320@paytm,merchant345@upi,3855,Request,768,15,0,Mumbai,Yes,No,Yes,0
800,safeuser758@upi,user726@gpay,955,Send,614,2,0,Kolkata,Yes,No,Yes,0
801,safeuser656@gpay,merchant670@upi,6633,Receive,553,28,0,Pune,Yes,No,Yes,0
802,merchant849@gpay,safeuser972@paytm,5604,Send,786,41,0,Pune,Yes,No,Yes,0
803,user235@paytm,safeuser451@phonepe,4720,Send,836,7,0,Bangalore,No,No,No,0
804,merchant860@phonepe,merchant956@upi,6523,Request,898,9,0,Delhi,Yes,No,No,0
805,fraudster420@phonepe,user291@paytm,8142,Send,982,95,1,Bangalore,Yes,No,Yes,1
806,user733@phonepe,safeuser456@paytm,3323,Receive,706,3,0,Bangalore,Yes,No,Yes,0
807,user460@paytm,safeuser803@upi,4480,Send,355,39,0,Pune,No,No,No,0
808,user594@upi,safeuser667@phonepe,2931,Send,595,21,0,Delhi,Yes,No,Yes,0
809,user815@phonepe,merchant214@gpay,6588,Receive,163,25,0,Kolkata,Yes,No,No,0
810,safeuser534@upi,user257@upi,8619,Request,38,1,0,Delhi,No,No,Yes,0
811,safeuser619@paytm,safeuser582@gpay,9252,Send,490,35,0,Pune,No,No,No,0
812,user413@paytm,safeuser841@upi,7187,Receive,725,33,0,Chennai,No,No,Yes,0
813,user561@upi,merchant730@upi,1958,Request,619,12,0,Kolkata,No,No,No,0
814,user877@upi,user309@upi,8784,Request,310,16,0,Pune,No,No,No,0
815,fakeqr976@gpay,merchant205@phonepe,11043,Send,151,69,2,Pune,No,No,Yes,1
816,user321@upi,user954@paytm,8278,Receive,113,40,0,Kolkata,Yes,No,No,0
817,merchant947@upi,merchant955@paytm,8397,Send,286,10,0,Pune,No,No,No,0
818,merchant565@phonepe,safeuser469@paytm,3180,Receive,714,21,0,Delhi,No,No,Yes,0
819,user704@gpay,merchant499@upi,5678,Receive,890,14,0,Pune,No,No,No,0
820,merchant816@gpay,safeuser679@paytm,4338,Send,159,3,0,Chennai,Yes,No,Yes,0
821,merchant849@phonepe,user240@gpay,1187,Request,467,14,0,Chennai,No,No,No,0
822,safeuser875@phonepe,safeuser690@gpay,5198,Send,905,6,0,Bangalore,Yes,No,No,0
823,merchant331@gpay,merchant585@upi,4448,Receive,613,20,0,Mumbai,No,No,Yes,0
824,user581@gpay,safeuser955@paytm,3818,Request,312,28,0,Mumbai,No,No,No,0
825,user781@gpay,safeuser394@upi,6779,Request,945,4,0,Chennai,No,No,Yes,0
826,safeuser756@phonepe,safeuser719@upi,7755,Send,839,6,0,Mumbai,Yes,No,No,0
827,user375@paytm,user332@paytm,6207,Send,932,6,0,Delhi,No,No,No,0
828,merchant499@upi,merchant641@paytm,4169,Receive,743,33,0,Mumbai,No,No,No,0
829,safeuser522@upi,merchant222@upi,7903,Request,443,22,0,Mumbai,No,No,No,0
830,safeuser218@gpay,merchant276@gpay,8361,Receive,633,20,0,Delhi,Yes,No,No,0
831,user298@phonepe,merchant105@gpay,9782,Receive,204,28,0,Mumbai,Yes,No,Yes,0
832,safeuser666@paytm,safeuser631@gpay,4154,Receive,187,44,0,Mumbai,Yes,No,No,0
833,user426@paytm,user707@upi,7224,Send,921,23,0,Pune,Yes,No,No,0
834,user166@gpay,safeuser758@upi,8679,Request,553,34,0,Pune,No,No,Yes,0
835,merchant170@upi,user534@phonepe,7780,Receive,866,33,0,Kolkata,No,No,No,0
836,safeuser863@paytm,safeuser285@phonepe,7876,Send,251,13,0,Mumbai,Yes,No,Yes,0
837,fakeqr631@upi,safeuser849@paytm,6007,Request,797,193,4,Pune,Yes,Yes,No,1
838,merchant233@gpay,user967@phonepe,4350,Request,359,3,0,Kolkata,No,No,Yes,0
839,safeuser635@gpay,merchant144@gpay,3707,Request,387,30,0,Delhi,No,No,No,0
840,safeuser622@upi,user982@upi,9164,Receive,861,45,0,Bangalore,Yes,No,No,0
841,user837@gpay,user885@gpay,3226,Send,630,6,0,Bangalore,Yes,No,No,0
842,scammer990@phonepe,safeuser501@phonepe,30258,Request,812,175,4,Chennai,No,Yes,Yes,1
843,safeuser350@paytm,safeuser879@phonepe,693,Send,731,2,0,Bangalore,Yes,No,No,0
844,fraudster477@gpay,safeuser479@phonepe,29786,Receive,778,45,3,Delhi,No,No,Yes,1
845,user690@upi,safeuser773@gpay,7827,Request,501,40,0,Kolkata,Yes,No,No,0
846,merchant223@gpay,safeuser781@paytm,9999,Send,144,8,0,Pune,No,No,No,0
847,merchant891@paytm,merchant995@paytm,9217,Receive,475,21,0,Bangalore,No,No,Yes,0
848,safeuser488@paytm,merchant542@gpay,7715,Request,880,7,0,Mumbai,No,No,No,0
849,safeuser742@paytm,user207@paytm,4517,Receive,777,1,0,Chennai,Yes,No,No,0
850,fakeqr588@paytm,safeuser430@phonepe,47410,Request,447,86,4,Kolkata,No,No,No,1
851,safeuser216@phonepe,merchant243@gpay,5454,Request,14,49,0,Bangalore,Yes,No,Yes,0
852,merchant966@paytm,safeuser104@phonepe,9923,Send,284,10,0,Bangalore,Yes,No,Yes,0
853,safeuser397@upi,safeuser797@phonepe,8376,Receive,734,36,0,Mumbai,No,No,No,0
854,fakeqr856@gpay,safeuser892@upi,9854,Send,394,144,3,Chennai,No,Yes,No,1
855,safeuser152@gpay,merchant581@phonepe,2067,Send,135,18,0,Mumbai,Yes,No,No,0
856,user421@upi,safeuser907@upi,5010,Receive,56,47,0,Delhi,Yes,No,Yes,0
857,merchant563@gpay,merchant400@upi,206,Send,826,40,0,Mumbai,Yes,No,Yes,0
858,safeuser390@paytm,merchant686@gpay,201,Request,386,49,0,Kolkata,No,No,Yes,0
859,fraudster672@paytm,safeuser611@paytm,36860,Receive,903,187,0,Bangalore,Yes,No,Yes,1
860,merchant498@gpay,user826@phonepe,3353,Send,636,46,0,Mumbai,No,No,Yes,0
861,user224@upi,merchant150@upi,4939,Request,238,32,0,Bangalore,Yes,No,Yes,0
862,user556@upi,safeuser751@upi,4747,Receive,10,4,0,Pune,No,No,Yes,0
863,safeuser105@upi,user361@phonepe,1702,Send,495,23,0,Kolkata,Yes,No,No,0
864,merchant111@upi,user639@paytm,8716,Receive,454,46,0,Mumbai,Yes,No,Yes,0
865,safeuser355@paytm,merchant472@paytm,8853,Receive,49,47,0,Kolkata,No,No,No,0
866,merchant949@phonepe,safeuser686@paytm,9971,Request,86,45,0,Delhi,Yes,No,Yes,0
867,safeuser967@gpay,user765@paytm,5867,Send,236,20,0,Delhi,Yes,No,No,0
868,merchant776@upi,merchant488@gpay,5136,Send,14,50,0,Kolkata,No,No,Yes,0
869,safeuser806@phonepe,user987@phonepe,7023,Send,864,13,0,Chennai,Yes,No,Yes,0
870,safeuser423@phonepe,merchant633@phonepe,6091,Request,882,3,0,Kolkata,Yes,No,No,0
871,merchant821@gpay,user374@gpay,5925,Receive,774,29,0,Kolkata,No,No,Yes,0
872,safeuser784@upi,merchant933@paytm,1300,Receive,263,7,0,Bangalore,Yes,No,Yes,0
873,merchant710@phonepe,safeuser819@phonepe,1654,Send,792,48,0,Delhi,No,No,No,0
874,scammer518@paytm,merchant703@gpay,10209,Send,137,47,1,Pune,No,No,No,1
875,user942@gpay,safeuser866@gpay,2338,Send,754,20,0,Chennai,No,No,No,0
876,merchant501@upi,merchant479@phonepe,4537,Request,292,17,0,Mumbai,Yes,No,Yes,0
877,fraudster672@upi,safeuser422@gpay,38762,Send,745,89,3,Chennai,No,Yes,Yes,1
878,safeuser999@paytm,safeuser808@upi,7197,Receive,514,28,0,Delhi,No,No,No,0
879,merchant793@phonepe,safeuser426@gpay,5746,Send,59,39,0,Delhi,No,No,Yes,0
880,safeuser309@phonepe,user798@paytm,3255,Request,912,35,0,Pune,No,No,No,0
881,merchant611@paytm,merchant395@paytm,7125,Request,753,32,0,Mumbai,Yes,No,No,0
882,user128@phonepe,safeuser286@paytm,5390,Receive,147,19,0,Delhi,No,No,Yes,0
883,safeuser712@phonepe,safeuser290@phonepe,2459,Send,473,9,0,Delhi,No,No,Yes,0
884,safeuser711@paytm,merchant421@phonepe,8509,Request,580,49,0,Mumbai,Yes,No,Yes,0
885,safeuser277@gpay,merchant654@phonepe,3474,Send,795,44,0,Pune,Yes,No,No,0
886,user494@gpay,safeuser870@upi,9122,Receive,124,33,0,Bangalore,Yes,No,Yes,0
887,merchant520@gpay,user883@upi,4023,Request,182,6,0,Kolkata,No,No,Yes,0
888,fraudster521@paytm,merchant814@gpay,21585,Request,349,23,3,Pune,No,Yes,Yes,1
889,safeuser737@gpay,merchant211@paytm,4814,Receive,794,6,0,Kolkata,No,No,No,0
890,user726@paytm,user427@upi,1586,Request,300,32,0,Chennai,No,No,No,0
891,user771@upi,safeuser355@gpay,2540,Request,724,48,0,Bangalore,No,No,No,0
892,user223@gpay,merchant304@gpay,3885,Receive,979,37,0,Bangalore,No,No,No,0
893,safeuser876@upi,user478@gpay,6221,Send,644,4,0,Mumbai,No,No,Yes,0
894,user514@phonepe,user695@paytm,2355,Send,164,31,0,Pune,No,No,Yes,0
895,merchant480@phonepe,merchant161@upi,5419,Receive,51,24,0,Pune,Yes,No,Yes,0
896,merchant374@gpay,user996@upi,5885,Send,427,16,0,Mumbai,No,No,Yes,0
897,fraudster526@phonepe,user650@phonepe,7136,Receive,590,94,0,Pune,Yes,No,No,1
898,safeuser800@gpay,user881@paytm,7743,Request,41,41,0,Delhi,Yes,No,Yes,0
899,user655@gpay,user897@upi,2548,Request,446,2,0,Mumbai,No,No,No,0
900,user496@upi,merchant637@phonepe,3649,Send,662,14,0,Chennai,Yes,No,No,0
901,merchant151@upi,safeuser666@phonepe,6426,Request,736,13,0,Delhi,Yes,No,Yes,0
902,safeuser291@gpay,merchant517@upi,105,Send,209,29,0,Chennai,No,No,No,0
903,merchant521@phonepe,merchant420@gpay,1766,Receive,450,47,0,Chennai,Yes,No,Yes,0
904,merchant259@phonepe,merchant972@gpay,7420,Request,915,5,0,Mumbai,Yes,No,Yes,0
905,user361@upi,safeuser307@paytm,929,Send,274,3,0,Mumbai,No,No,Yes,0
906,merchant331@gpay,merchant883@gpay,1531,Send,323,11,0,Bangalore,Yes,No,No,0
907,user195@upi,user191@upi,1842,Receive,839,18,0,Mumbai,No,No,No,0
908,merchant177@phonepe,user325@gpay,655,Request,751,14,0,Chennai,Yes,No,Yes,0
909,safeuser984@paytm,user193@upi,5466,Receive,853,44,0,Bangalore,No,No,No,0
910,user936@gpay,merchant766@gpay,2811,Send,676,41,0,Mumbai,No,No,Yes,0
911,merchant361@paytm,merchant171@paytm,3897,Request,841,14,0,Bangalore,Yes,No,No,0
912,merchant584@paytm,merchant542@upi,1714,Request,973,7,0,Delhi,Yes,No,No,0
913,safeuser727@gpay,merchant394@gpay,3800,Send,52,47,0,Pune,Yes,No,Yes,0
914,merchant154@phonepe,user740@upi,3204,Receive,14,20,0,Kolkata,No,No,Yes,0
915,merchant970@gpay,safeuser177@gpay,7151,Request,693,16,0,Delhi,Yes,No,Yes,0
916,safeuser652@gpay,safeuser119@gpay,7594,Send,534,46,0,Pune,Yes,No,Yes,0
917,safeuser229@gpay,user289@gpay,9993,Send,563,12,0,Bangalore,Yes,No,No,0
918,user251@upi,user486@paytm,1293,Request,390,29,0,Bangalore,No,No,Yes,0
919,safeuser487@upi,merchant365@gpay,7797,Receive,729,10,0,Chennai,No,No,Yes,0
920,user863@paytm,user228@paytm,4450,Request,272,8,0,Delhi,No,No,Yes,0
921,user327@paytm,user967@paytm,8284,Send,762,45,0,Delhi,No,No,Yes,0
922,safeuser963@upi,user370@gpay,4814,Send,209,17,0,Pune,No,No,Yes,0
923,scammer451@phonepe,user831@paytm,12111,Receive,341,200,2,Bangalore,No,No,No,1
924,safeuser210@paytm,user311@upi,3747,Send,935,44,0,Bangalore,No,No,Yes,0
925,safeuser733@upi,user614@paytm,1414,Request,923,1,0,Mumbai,Yes,No,Yes,0
926,user493@paytm,merchant894@upi,2038,Send,985,50,0,Pune,No,No,No,0
927,merchant938@upi,merchant197@upi,1818,Receive,137,12,0,Delhi,No,No,Yes,0
928,user489@upi,user981@paytm,1055,Send,133,33,0,Mumbai,Yes,No,No,0
929,merchant578@phonepe,merchant284@paytm,3249,Send,531,35,0,Kolkata,Yes,No,Yes,0
930,safeuser614@phonepe,user450@phonepe,4794,Receive,150,10,0,Pune,Yes,No,No,0
931,fakeqr411@paytm,user468@paytm,24341,Receive,297,39,0,Chennai,No,No,Yes,1
932,merchant384@upi,safeuser194@phonepe,6363,Send,874,3,0,Mumbai,Yes,No,No,0
933,merchant790@paytm,safeuser443@upi,1160,Request,591,13,0,Bangalore,No,No,No,0
934,safeuser283@gpay,user702@gpay,1941,Send,683,6,0,Chennai,No,No,No,0
935,merchant557@gpay,safeuser591@gpay,9930,Send,971,42,0,Kolkata,No,No,No,0
936,user470@upi,safeuser122@phonepe,979,Send,419,28,0,Bangalore,Yes,No,No,0
937,fraudster682@gpay,user279@gpay,12598,Receive,132,6,0,Kolkata,No,No,No,1
938,safeuser135@gpay,safeuser295@phonepe,380,Request,428,31,0,Kolkata,No,No,No,0
939,merchant977@phonepe,safeuser673@gpay,857,Request,167,47,0,Kolkata,No,No,No,0
940,merchant279@gpay,merchant717@phonepe,5507,Request,4,11,0,Mumbai,No,No,No,0
941,user788@paytm,safeuser994@phonepe,8223,Receive,942,40,0,Delhi,No,No,No,0
942,user833@upi,user267@gpay,6664,Send,997,45,0,Mumbai,No,No,Yes,0
943,safeuser727@paytm,safeuser678@upi,9748,Receive,547,36,0,Bangalore,No,No,Yes,0
944,merchant206@gpay,safeuser512@upi,2424,Request,337,33,0,Kolkata,Yes,No,Yes,0
945,safeuser839@gpay,merchant436@phonepe,939,Request,552,33,0,Kolkata,Yes,No,No,0
946,user127@paytm,user315@phonepe,9710,Send,497,13,0,Bangalore,No,No,No,0
947,safeuser449@phonepe,merchant118@paytm,3020,Receive,390,19,0,Mumbai,Yes,No,No,0
948,user848@phonepe,safeuser931@gpay,6127,Send,393,3,0,Bangalore,No,No,No,0
949,user744@phonepe,merchant940@phonepe,9808,Send,445,4,0,Kolkata,No,No,Yes,0
950,scammer118@phonepe,user963@phonepe,14158,Request,101,56,4,Pune,Yes,No,No,1
951,user555@gpay,safeuser287@phonepe,9162,Receive,149,26,0,Delhi,Yes,No,Yes,0
952,merchant210@gpay,merchant617@paytm,9369,Request,796,49,0,Delhi,Yes,No,No,0
953,merchant736@phonepe,merchant692@phonepe,7412,Send,669,37,0,Pune,Yes,No,No,0
954,merchant165@phonepe,safeuser444@paytm,5094,Request,582,1,0,Delhi,No,No,Yes,0
955,safeuser620@upi,safeuser529@gpay,1944,Request,265,34,0,Kolkata,No,No,No,0
956,safeuser392@gpay,merchant425@gpay,6319,Receive,360,39,0,Kolkata,Yes,No,No,0
957,safeuser819@gpay,safeuser462@upi,2018,Send,307,8,0,Chennai,No,No,Yes,0
958,merchant606@paytm,safeuser709@paytm,9917,Request,495,9,0,Chennai,Yes,No,Yes,0
959,fraudster426@gpay,user353@phonepe,12298,Send,686,120,2,Chennai,No,No,Yes,1
960,safeuser836@gpay,user745@gpay,4629,Request,651,5,0,Delhi,No,No,Yes,0
961,user188@upi,safeuser557@upi,4929,Send,826,30,0,Delhi,No,No,No,0
962,merchant798@upi,user613@upi,278,Request,241,5,0,Chennai,Yes,No,No,0
963,user642@phonepe,merchant233@upi,8305,Send,397,38,0,Bangalore,No,No,Yes,0
964,user230@paytm,merchant114@upi,3141,Request,883,41,0,Chennai,Yes,No,No,0
965,safeuser479@paytm,safeuser880@upi,5801,Receive,522,12,0,Delhi,Yes,No,Yes,0
966,merchant642@gpay,user459@paytm,139,Send,920,12,0,Kolkata,No,No,Yes,0
967,safeuser862@paytm,user445@upi,8180,Request,680,11,0,Pune,Yes,No,Yes,0
968,user876@gpay,user698@gpay,8320,Request,844,39,0,Kolkata,No,No,Yes,0
969,merchant188@phonepe,safeuser971@phonepe,9616,Receive,710,10,0,Chennai,Yes,No,Yes,0
970,user949@phonepe,safeuser152@gpay,9304,Send,156,6,0,Delhi,Yes,No,No,0
971,user592@paytm,user292@paytm,3075,Request,710,10,0,Mumbai,Yes,No,No,0
972,user130@gpay,safeuser311@gpay,823,Receive,274,20,0,Kolkata,No,No,No,0
973,merchant941@phonepe,safeuser863@phonepe,1668,Request,311,9,0,Chennai,Yes,No,No,0
974,user129@gpay,merchant964@paytm,2055,Request,607,29,0,Kolkata,No,No,No,0
975,safeuser831@upi,safeuser134@upi,4629,Send,220,37,0,Chennai,Yes,No,No,0
976,merchant456@gpay,safeuser281@paytm,1904,Receive,543,26,0,Kolkata,Yes,No,No,0
977,safeuser694@paytm,merchant178@gpay,5327,Send,322,32,0,Bangalore,No,No,Yes,0
978,user245@upi,user939@upi,4693,Receive,693,28,0,Kolkata,No,No,Yes,0
979,fraudster982@paytm,merchant613@phonepe,41120,Request,476,182,4,Chennai,No,No,No,1
980,fraudster650@upi,user727@upi,16017,Receive,115,182,1,Bangalore,Yes,No,No,1
981,user902@paytm,safeuser333@phonepe,7868,Request,494,41,0,Pune,No,No,Yes,0
982,safeuser610@phonepe,safeuser217@paytm,7816,Request,181,28,0,Delhi,Yes,No,No,0
983,safeuser227@upi,user408@gpay,1508,Request,891,39,0,Bangalore,No,No,Yes,0
984,scammer808@paytm,user340@paytm,39780,Request,738,46,5,Chennai,Yes,No,Yes,1
985,user639@phonepe,user444@upi,9673,Request,57,46,0,Bangalore,No,No,Yes,0
986,safeuser867@paytm,safeuser207@phonepe,535,Receive,362,16,0,Chennai,No,No,Yes,0
987,safeuser602@gpay,user872@upi,9005,Receive,451,45,0,Delhi,No,No,Yes,0
988,fakeqr222@phonepe,safeuser877@paytm,12884,Send,873,66,5,Pune,No,No,Yes,1
989,merchant724@paytm,safeuser135@gpay,6017,Request,461,12,0,Chennai,No,No,No,0
990,safeuser747@phonepe,merchant395@phonepe,3314,Request,826,43,0,Pune,Yes,No,No,0
991,merchant172@paytm,merchant800@upi,6543,Receive,77,14,0,Mumbai,Yes,No,No,0
992,safeuser639@phonepe,merchant584@phonepe,5569,Request,726,43,0,Delhi,Yes,No,No,0
993,merchant680@paytm,safeuser705@phonepe,8513,Send,633,13,0,Chennai,Yes,No,No,0
994,user747@paytm,merchant479@paytm,6413,Request,562,29,0,Chennai,No,No,No,0
995,safeuser157@paytm,user854@phonepe,690,Send,562,12,0,Bangalore,No,No,Yes,0
996,scammer392@upi,safeuser596@paytm,7051,Send,551,115,5,Delhi,Yes,Yes,No,1
997,fraudster918@gpay,merchant475@phonepe,31217,Receive,450,171,2,Bangalore,Yes,No,Yes,1
998,safeuser386@paytm,user333@gpay,359,Send,786,24,0,Mumbai,Yes,No,Yes,0
999,merchant913@phonepe,user492@upi,3425,Send,877,8,0,Bangalore,Yes,No,Yes,0
1000,safeuser809@phonepe,user201@phonepe,6621,Receive,279,50,0,Mumbai,Yes,No,Yes,0
